CREATE DATABASE  IF NOT EXISTS `abhyudaya` /*!40100 DEFAULT CHARACTER SET utf8mb4 COLLATE utf8mb4_0900_ai_ci */ /*!80016 DEFAULT ENCRYPTION='N' */;
USE `abhyudaya`;
-- MySQL dump 10.13  Distrib 8.0.21, for Win64 (x86_64)
--
-- Host: localhost    Database: abhyudaya
-- ------------------------------------------------------
-- Server version	8.0.21

/*!40101 SET @OLD_CHARACTER_SET_CLIENT=@@CHARACTER_SET_CLIENT */;
/*!40101 SET @OLD_CHARACTER_SET_RESULTS=@@CHARACTER_SET_RESULTS */;
/*!40101 SET @OLD_COLLATION_CONNECTION=@@COLLATION_CONNECTION */;
/*!50503 SET NAMES utf8 */;
/*!40103 SET @OLD_TIME_ZONE=@@TIME_ZONE */;
/*!40103 SET TIME_ZONE='+00:00' */;
/*!40014 SET @OLD_UNIQUE_CHECKS=@@UNIQUE_CHECKS, UNIQUE_CHECKS=0 */;
/*!40014 SET @OLD_FOREIGN_KEY_CHECKS=@@FOREIGN_KEY_CHECKS, FOREIGN_KEY_CHECKS=0 */;
/*!40101 SET @OLD_SQL_MODE=@@SQL_MODE, SQL_MODE='NO_AUTO_VALUE_ON_ZERO' */;
/*!40111 SET @OLD_SQL_NOTES=@@SQL_NOTES, SQL_NOTES=0 */;

--
-- Table structure for table `assessment_category`
--

DROP TABLE IF EXISTS `assessment_category`;
/*!40101 SET @saved_cs_client     = @@character_set_client */;
/*!50503 SET character_set_client = utf8mb4 */;
CREATE TABLE `assessment_category` (
  `id` int NOT NULL AUTO_INCREMENT,
  `category_name` varchar(200) NOT NULL,
  `category_code` varchar(50) NOT NULL,
  `subject_id` int NOT NULL,
  `isactive` tinyint(1) NOT NULL DEFAULT '1',
  PRIMARY KEY (`id`),
  UNIQUE KEY `category_name_UNIQUE` (`category_name`),
  UNIQUE KEY `category_code_UNIQUE` (`category_code`),
  KEY `subject_id` (`subject_id`)
) ENGINE=MyISAM AUTO_INCREMENT=187 DEFAULT CHARSET=latin1;
/*!40101 SET character_set_client = @saved_cs_client */;

--
-- Dumping data for table `assessment_category`
--

LOCK TABLES `assessment_category` WRITE;
/*!40000 ALTER TABLE `assessment_category` DISABLE KEYS */;
INSERT INTO `assessment_category` VALUES (1,'Listening','L_LANG',1,1),(2,'Speaking','S_LANG',1,1),(3,'Reading','R_LANG',1,1),(4,'Writing','W_LANG',1,1),(5,'Basic_Math','B_MATH',2,1),(6,'Applied_Math','A_MATH',2,1),(7,'Number_Sense','NS_MATH',2,1),(8,'Problem_Solving','PS_MATH',2,1),(9,'Estimation_Approximation','EA_MATH',2,1),(10,'Computational_Skill','CS_MATH',2,1),(11,'Geometric_Shapes','GS_MATH',2,1),(12,'Basic_Algebra','BA_MATH',2,1),(13,'Drawing','D_COCLM',3,1),(14,'Coloring','C_COCLM',3,1),(15,'Singing','S_COCLM',3,1),(16,'Arts_Crafts','AC_COCLM',3,1),(17,'Games','G_COCLM',3,1),(18,'Courteousness','C_PD',4,1),(19,'Work_Habits','WH_PD',4,1),(20,'Regularity_Punctuality','RP_PD',4,1),(21,'Personal_Hygiene','PH_PD',4,1),(22,'Care_Of_Belongings','COB_PD',4,1),(23,'Sharing_Caring','SC_PD',4,1),(24,'Height','H_HLTH',5,1),(25,'Weight','W_HLTH',5,1),(26,'Eye_Sight','ES_HLTH',5,1);
/*!40000 ALTER TABLE `assessment_category` ENABLE KEYS */;
UNLOCK TABLES;

--
-- Table structure for table `assessment_period`
--

DROP TABLE IF EXISTS `assessment_period`;
/*!40101 SET @saved_cs_client     = @@character_set_client */;
/*!50503 SET character_set_client = utf8mb4 */;
CREATE TABLE `assessment_period` (
  `id` int NOT NULL AUTO_INCREMENT,
  `assessment_year` int NOT NULL,
  `assessment_month` int DEFAULT NULL,
  `assessment_day` int DEFAULT NULL,
  `session` varchar(100) NOT NULL,
  `period` varchar(100) NOT NULL,
  PRIMARY KEY (`id`)
) ENGINE=MyISAM AUTO_INCREMENT=164 DEFAULT CHARSET=latin1;
/*!40101 SET character_set_client = @saved_cs_client */;

--
-- Dumping data for table `assessment_period`
--

LOCK TABLES `assessment_period` WRITE;
/*!40000 ALTER TABLE `assessment_period` DISABLE KEYS */;
INSERT INTO `assessment_period` VALUES (159,2020,NULL,NULL,'2019-20','Q1'),(160,2020,NULL,NULL,'2020-21','Q2'),(163,2021,NULL,NULL,'2019-20','Q1');
/*!40000 ALTER TABLE `assessment_period` ENABLE KEYS */;
UNLOCK TABLES;

--
-- Table structure for table `assessment_result`
--

DROP TABLE IF EXISTS `assessment_result`;
/*!40101 SET @saved_cs_client     = @@character_set_client */;
/*!50503 SET character_set_client = utf8mb4 */;
CREATE TABLE `assessment_result` (
  `id` int NOT NULL AUTO_INCREMENT,
  `attempt_id` int NOT NULL DEFAULT '1',
  `student_id` int NOT NULL,
  `subject_id` int NOT NULL,
  `category_id` int DEFAULT NULL,
  `skill_id` int DEFAULT NULL,
  `period_id` int DEFAULT NULL,
  `year` int NOT NULL,
  `month` int DEFAULT NULL,
  `day` int DEFAULT NULL,
  `session` varchar(100) NOT NULL,
  `score` int DEFAULT NULL,
  `full_score` int DEFAULT NULL,
  `grade` varchar(100) DEFAULT NULL,
  `creation_date` datetime DEFAULT NULL,
  `modified_date` datetime DEFAULT NULL,
  `modified_by` varchar(45) DEFAULT NULL,
  PRIMARY KEY (`id`)
) ENGINE=MyISAM AUTO_INCREMENT=1002 DEFAULT CHARSET=latin1;
/*!40101 SET character_set_client = @saved_cs_client */;

--
-- Dumping data for table `assessment_result`
--

LOCK TABLES `assessment_result` WRITE;
/*!40000 ALTER TABLE `assessment_result` DISABLE KEYS */;
INSERT INTO `assessment_result` VALUES (1,1,1,1,1,1,1,2020,NULL,NULL,'2019-20',8,10,'\'\'','2019-09-25 00:00:00','2020-08-08 00:00:00','test@gmail.com'),(2,1,2,2,2,2,2,2020,NULL,NULL,'2020-21',6,10,'\'\'','2019-09-04 00:00:00','2020-08-08 00:00:00','test@gmail.com'),(3,1,3,3,3,3,1,2020,NULL,NULL,'2019-20',6,10,'\'\'','2019-08-09 00:00:00','2020-08-08 00:00:00','test@test.com'),(4,1,4,4,4,4,2,2020,NULL,NULL,'2020-21',5,10,'\'\'','2020-07-18 00:00:00','2020-08-08 00:00:00','test@test.com'),(5,1,5,5,5,5,1,2020,NULL,NULL,'2019-20',9,10,'\'\'','2020-04-12 00:00:00','2020-08-08 00:00:00','test@gmail.com'),(6,1,6,1,6,6,2,2020,NULL,NULL,'2020-21',9,10,'\'\'','2019-11-03 00:00:00','2020-08-08 00:00:00','test@test.com'),(7,1,7,2,7,7,1,2020,NULL,NULL,'2019-20',9,10,'\'\'','2020-07-02 00:00:00','2020-08-08 00:00:00','prabhashanth@gmail.com'),(8,1,8,3,8,8,2,2020,NULL,NULL,'2020-21',7,10,'\'\'','2020-05-15 00:00:00','2020-08-08 00:00:00','test@gmail.com'),(9,1,9,4,9,9,1,2020,NULL,NULL,'2019-20',9,10,'\'\'','2020-02-15 00:00:00','2020-08-08 00:00:00','test@gmail.com'),(10,1,10,5,10,10,2,2020,NULL,NULL,'2020-21',9,10,'\'\'','2020-06-11 00:00:00','2020-08-08 00:00:00','fgh@test.com'),(11,1,11,1,11,11,1,2020,NULL,NULL,'2019-20',8,10,'\'\'','2020-07-17 00:00:00','2020-08-08 00:00:00','seniorteacher@test.com'),(12,1,12,2,12,12,2,2020,NULL,NULL,'2020-21',9,10,'\'\'','2020-02-22 00:00:00','2020-08-08 00:00:00','prabhashanth@gmail.com'),(13,1,13,3,13,13,1,2020,NULL,NULL,'2019-20',8,10,'\'\'','2019-12-12 00:00:00','2020-08-08 00:00:00','prabhashanth@gmail.com'),(14,1,14,4,14,14,2,2020,NULL,NULL,'2020-21',9,10,'\'\'','2019-10-12 00:00:00','2020-08-08 00:00:00','test@test.com'),(15,1,15,5,15,15,1,2020,NULL,NULL,'2019-20',7,10,'\'\'','2020-07-25 00:00:00','2020-08-08 00:00:00','seniorteacher@test.com'),(16,1,16,1,16,16,2,2020,NULL,NULL,'2020-21',7,10,'\'\'','2020-01-23 00:00:00','2020-08-08 00:00:00','test@test.com'),(17,1,17,2,17,17,1,2020,NULL,NULL,'2019-20',8,10,'\'\'','2019-12-11 00:00:00','2020-08-08 00:00:00','test@test.com'),(18,1,18,3,18,1,2,2020,6,6,'2020-21',7,10,'\'\'','2019-12-18 00:00:00','2020-08-08 00:00:00','test@test.com'),(19,1,19,4,19,2,1,2020,NULL,NULL,'2019-20',7,10,'\'\'','2020-01-11 00:00:00','2020-08-08 00:00:00','test@test.com'),(20,1,20,5,20,3,2,2020,NULL,NULL,'2020-21',9,10,'\'\'','2020-06-03 00:00:00','2020-08-08 00:00:00','test@gmail.com'),(21,1,21,1,21,4,1,2020,NULL,NULL,'2019-20',7,10,'\'\'','2019-09-15 00:00:00','2020-08-08 00:00:00','seniorteacher@test.com'),(22,1,22,2,22,5,2,2020,NULL,NULL,'2020-21',5,10,'\'\'','2020-06-24 00:00:00','2020-08-08 00:00:00','test@test.com'),(23,1,23,3,23,6,1,2020,NULL,NULL,'2019-20',8,10,'\'\'','2019-12-22 00:00:00','2020-08-08 00:00:00','test@gmail.com'),(24,1,24,4,24,7,2,2020,NULL,NULL,'2020-21',7,10,'\'\'','2019-11-01 00:00:00','2020-08-08 00:00:00','seniorteacher@test.com'),(25,1,25,5,25,8,1,2020,NULL,NULL,'2019-20',8,10,'\'\'','2020-05-16 00:00:00','2020-08-08 00:00:00','fgh@test.com'),(26,1,26,1,26,9,2,2020,NULL,NULL,'2020-21',7,10,'\'\'','2019-10-14 00:00:00','2020-08-08 00:00:00','test@gmail.com'),(27,1,27,2,1,10,1,2020,NULL,NULL,'2019-20',8,10,'\'\'','2019-09-14 00:00:00','2020-08-08 00:00:00','seniorteacher@test.com'),(28,1,28,3,2,11,2,2020,NULL,NULL,'2020-21',8,10,'\'\'','2019-12-25 00:00:00','2020-08-08 00:00:00','seniorteacher@test.com'),(29,1,29,4,3,12,1,2020,NULL,NULL,'2019-20',7,10,'\'\'','2019-11-30 00:00:00','2020-08-08 00:00:00','seniorteacher@test.com'),(30,1,30,5,4,13,2,2020,NULL,NULL,'2020-21',9,10,'\'\'','2020-07-03 00:00:00','2020-08-08 00:00:00','seniorteacher@test.com'),(31,1,31,1,5,14,1,2020,NULL,NULL,'2019-20',9,10,'\'\'','2020-03-27 00:00:00','2020-08-08 00:00:00','test@gmail.com'),(32,1,32,2,6,15,2,2020,NULL,NULL,'2020-21',9,10,'\'\'','2020-07-18 00:00:00','2020-08-08 00:00:00','seniorteacher@test.com'),(33,1,33,3,7,16,1,2020,NULL,NULL,'2019-20',9,10,'\'\'','2019-11-16 00:00:00','2020-08-08 00:00:00','seniorteacher@test.com'),(34,1,34,4,8,17,2,2020,NULL,NULL,'2020-21',9,10,'\'\'','2020-03-27 00:00:00','2020-08-08 00:00:00','seniorteacher@test.com'),(35,1,35,5,9,1,1,2020,NULL,NULL,'2019-20',7,10,'\'\'','2020-05-10 00:00:00','2020-08-08 00:00:00','test@gmail.com'),(36,1,36,1,10,2,2,2020,NULL,NULL,'2020-21',7,10,'\'\'','2020-07-02 00:00:00','2020-08-08 00:00:00','prabhashanth@gmail.com'),(37,1,37,2,11,3,1,2020,NULL,NULL,'2019-20',9,10,'\'\'','2020-05-16 00:00:00','2020-08-08 00:00:00','test@test.com'),(38,1,38,3,12,4,2,2020,NULL,NULL,'2020-21',5,10,'\'\'','2019-08-25 00:00:00','2020-08-08 00:00:00','prabhashanth@gmail.com'),(39,1,39,4,13,5,1,2020,NULL,NULL,'2019-20',8,10,'\'\'','2019-12-06 00:00:00','2020-08-08 00:00:00','fgh@test.com'),(40,1,40,5,14,6,2,2020,NULL,NULL,'2020-21',6,10,'\'\'','2020-02-09 00:00:00','2020-08-08 00:00:00','test@test.com'),(41,1,41,1,15,7,1,2020,NULL,NULL,'2019-20',5,10,'\'\'','2019-12-08 00:00:00','2020-08-08 00:00:00','test@test.com'),(42,1,42,2,16,8,2,2020,NULL,NULL,'2020-21',5,10,'\'\'','2019-11-05 00:00:00','2020-08-08 00:00:00','test@gmail.com'),(43,1,43,3,17,9,1,2020,NULL,NULL,'2019-20',9,10,'\'\'','2019-11-03 00:00:00','2020-08-08 00:00:00','test@test.com'),(44,1,44,4,18,10,2,2020,NULL,NULL,'2020-21',6,10,'\'\'','2020-01-29 00:00:00','2020-08-08 00:00:00','test@test.com'),(45,1,45,5,19,11,1,2020,NULL,NULL,'2019-20',5,10,'\'\'','2020-03-15 00:00:00','2020-08-08 00:00:00','test@test.com'),(46,1,46,1,20,12,2,2020,NULL,NULL,'2020-21',7,10,'\'\'','2019-12-01 00:00:00','2020-08-08 00:00:00','prabhashanth@gmail.com'),(47,1,47,2,21,13,1,2020,NULL,NULL,'2019-20',8,10,'\'\'','2019-09-08 00:00:00','2020-08-08 00:00:00','fgh@test.com'),(48,1,48,3,22,14,2,2020,NULL,NULL,'2020-21',9,10,'\'\'','2019-09-14 00:00:00','2020-08-08 00:00:00','fgh@test.com'),(49,1,49,4,23,15,1,2020,NULL,NULL,'2019-20',9,10,'\'\'','2019-12-20 00:00:00','2020-08-08 00:00:00','fgh@test.com'),(50,1,50,5,24,16,2,2020,NULL,NULL,'2020-21',5,10,'\'\'','2020-06-05 00:00:00','2020-08-08 00:00:00','test@test.com'),(51,1,51,1,25,17,1,2020,NULL,NULL,'2019-20',7,10,'\'\'','2020-04-05 00:00:00','2020-08-08 00:00:00','test@test.com'),(52,1,52,2,26,1,2,2020,NULL,NULL,'2020-21',5,10,'\'\'','2020-07-28 00:00:00','2020-08-08 00:00:00','test@test.com'),(53,1,53,3,1,2,1,2020,NULL,NULL,'2019-20',5,10,'\'\'','2019-09-14 00:00:00','2020-08-08 00:00:00','test@gmail.com'),(54,1,54,4,2,3,2,2020,NULL,NULL,'2020-21',6,10,'\'\'','2020-07-20 00:00:00','2020-08-08 00:00:00','test@gmail.com'),(55,1,55,5,3,4,1,2020,NULL,NULL,'2019-20',5,10,'\'\'','2019-12-11 00:00:00','2020-08-08 00:00:00','fgh@test.com'),(56,1,56,1,4,5,2,2020,NULL,NULL,'2020-21',7,10,'\'\'','2019-10-03 00:00:00','2020-08-08 00:00:00','seniorteacher@test.com'),(57,1,57,2,5,6,1,2020,NULL,NULL,'2019-20',5,10,'\'\'','2020-04-29 00:00:00','2020-08-08 00:00:00','fgh@test.com'),(58,1,58,3,6,7,2,2020,NULL,NULL,'2020-21',9,10,'\'\'','2020-06-11 00:00:00','2020-08-08 00:00:00','seniorteacher@test.com'),(59,1,59,4,7,8,1,2020,NULL,NULL,'2019-20',5,10,'\'\'','2019-10-20 00:00:00','2020-08-08 00:00:00','test@test.com'),(60,1,60,5,8,9,2,2020,NULL,NULL,'2020-21',9,10,'\'\'','2019-10-24 00:00:00','2020-08-08 00:00:00','seniorteacher@test.com'),(61,1,61,1,9,10,1,2020,NULL,NULL,'2019-20',5,10,'\'\'','2019-08-28 00:00:00','2020-08-08 00:00:00','fgh@test.com'),(62,1,62,2,10,11,2,2020,NULL,NULL,'2020-21',9,10,'\'\'','2020-06-30 00:00:00','2020-08-08 00:00:00','fgh@test.com'),(63,1,63,3,11,12,1,2020,NULL,NULL,'2019-20',6,10,'\'\'','2020-03-10 00:00:00','2020-08-08 00:00:00','fgh@test.com'),(64,1,64,4,12,13,2,2020,NULL,NULL,'2020-21',7,10,'\'\'','2019-10-17 00:00:00','2020-08-08 00:00:00','seniorteacher@test.com'),(65,1,65,5,13,14,1,2020,NULL,NULL,'2019-20',8,10,'\'\'','2020-02-08 00:00:00','2020-08-08 00:00:00','test@gmail.com'),(66,1,66,1,14,15,2,2020,NULL,NULL,'2020-21',5,10,'\'\'','2020-03-20 00:00:00','2020-08-08 00:00:00','test@test.com'),(67,1,67,2,15,16,1,2020,NULL,NULL,'2019-20',9,10,'\'\'','2019-09-09 00:00:00','2020-08-08 00:00:00','test@gmail.com'),(68,1,68,3,16,17,2,2020,NULL,NULL,'2020-21',7,10,'\'\'','2020-02-06 00:00:00','2020-08-08 00:00:00','test@gmail.com'),(69,1,69,4,17,1,1,2020,NULL,NULL,'2019-20',5,10,'\'\'','2020-05-01 00:00:00','2020-08-08 00:00:00','prabhashanth@gmail.com'),(70,1,70,5,18,2,2,2020,NULL,NULL,'2020-21',9,10,'\'\'','2019-10-06 00:00:00','2020-08-08 00:00:00','test@test.com'),(71,1,71,1,19,3,1,2020,NULL,NULL,'2019-20',5,10,'\'\'','2020-03-26 00:00:00','2020-08-08 00:00:00','test@gmail.com'),(72,1,72,2,20,4,2,2020,NULL,NULL,'2020-21',9,10,'\'\'','2019-08-11 00:00:00','2020-08-08 00:00:00','test@gmail.com'),(73,1,73,3,21,5,1,2020,NULL,NULL,'2019-20',9,10,'\'\'','2020-05-10 00:00:00','2020-08-08 00:00:00','test@gmail.com'),(74,1,74,4,22,6,2,2020,NULL,NULL,'2020-21',8,10,'\'\'','2020-06-17 00:00:00','2020-08-08 00:00:00','prabhashanth@gmail.com'),(75,1,75,5,23,7,1,2020,NULL,NULL,'2019-20',8,10,'\'\'','2020-03-22 00:00:00','2020-08-08 00:00:00','prabhashanth@gmail.com'),(76,1,76,1,24,8,2,2020,NULL,NULL,'2020-21',8,10,'\'\'','2020-03-08 00:00:00','2020-08-08 00:00:00','fgh@test.com'),(77,1,77,2,25,9,1,2020,NULL,NULL,'2019-20',8,10,'\'\'','2019-10-03 00:00:00','2020-08-08 00:00:00','test@test.com'),(78,1,78,3,26,10,2,2020,NULL,NULL,'2020-21',9,10,'\'\'','2020-07-10 00:00:00','2020-08-08 00:00:00','fgh@test.com'),(79,1,79,4,1,11,1,2020,NULL,NULL,'2019-20',7,10,'\'\'','2019-08-12 00:00:00','2020-08-08 00:00:00','seniorteacher@test.com'),(80,1,80,5,2,12,2,2020,NULL,NULL,'2020-21',9,10,'\'\'','2020-03-28 00:00:00','2020-08-08 00:00:00','prabhashanth@gmail.com'),(81,1,81,1,3,13,1,2020,NULL,NULL,'2019-20',7,10,'\'\'','2020-02-21 00:00:00','2020-08-08 00:00:00','fgh@test.com'),(82,1,82,2,4,14,2,2020,NULL,NULL,'2020-21',7,10,'\'\'','2020-06-27 00:00:00','2020-08-08 00:00:00','test@gmail.com'),(83,1,83,3,5,15,1,2020,NULL,NULL,'2019-20',6,10,'\'\'','2020-03-20 00:00:00','2020-08-08 00:00:00','test@test.com'),(84,1,84,4,6,16,2,2020,NULL,NULL,'2020-21',7,10,'\'\'','2020-03-24 00:00:00','2020-08-08 00:00:00','prabhashanth@gmail.com'),(85,1,85,5,7,17,1,2020,NULL,NULL,'2019-20',6,10,'\'\'','2019-08-09 00:00:00','2020-08-08 00:00:00','test@test.com'),(86,1,86,1,8,1,2,2020,NULL,NULL,'2020-21',9,10,'\'\'','2020-05-09 00:00:00','2020-08-08 00:00:00','test@test.com'),(87,1,87,2,9,2,1,2020,NULL,NULL,'2019-20',6,10,'\'\'','2019-08-28 00:00:00','2020-08-08 00:00:00','seniorteacher@test.com'),(88,1,88,3,10,3,2,2020,NULL,NULL,'2020-21',8,10,'\'\'','2020-05-13 00:00:00','2020-08-08 00:00:00','fgh@test.com'),(89,1,89,4,11,4,1,2020,NULL,NULL,'2019-20',9,10,'\'\'','2019-09-14 00:00:00','2020-08-08 00:00:00','test@gmail.com'),(90,1,90,5,12,5,2,2020,NULL,NULL,'2020-21',6,10,'\'\'','2020-06-30 00:00:00','2020-08-08 00:00:00','fgh@test.com'),(91,1,91,1,13,6,1,2020,NULL,NULL,'2019-20',8,10,'\'\'','2019-10-28 00:00:00','2020-08-08 00:00:00','prabhashanth@gmail.com'),(92,1,92,2,14,7,2,2020,NULL,NULL,'2020-21',7,10,'\'\'','2020-01-07 00:00:00','2020-08-08 00:00:00','prabhashanth@gmail.com'),(93,1,93,3,15,8,1,2020,NULL,NULL,'2019-20',6,10,'\'\'','2020-07-01 00:00:00','2020-08-08 00:00:00','fgh@test.com'),(94,1,94,4,16,9,2,2020,NULL,NULL,'2020-21',5,10,'\'\'','2019-12-24 00:00:00','2020-08-08 00:00:00','fgh@test.com'),(95,1,95,5,17,10,1,2020,NULL,NULL,'2019-20',9,10,'\'\'','2020-04-24 00:00:00','2020-08-08 00:00:00','fgh@test.com'),(96,1,96,1,18,11,2,2020,NULL,NULL,'2020-21',9,10,'\'\'','2020-06-20 00:00:00','2020-08-08 00:00:00','seniorteacher@test.com'),(97,1,97,2,19,12,1,2020,NULL,NULL,'2019-20',9,10,'\'\'','2020-03-03 00:00:00','2020-08-08 00:00:00','test@gmail.com'),(98,1,98,3,20,13,2,2020,NULL,NULL,'2020-21',5,10,'\'\'','2020-06-23 00:00:00','2020-08-08 00:00:00','test@test.com'),(99,1,99,4,21,14,1,2020,NULL,NULL,'2019-20',9,10,'\'\'','2020-03-14 00:00:00','2020-08-08 00:00:00','fgh@test.com'),(100,1,100,5,22,15,2,2020,NULL,NULL,'2020-21',8,10,'\'\'','2019-12-27 00:00:00','2020-08-08 00:00:00','test@gmail.com'),(101,1,101,1,23,16,1,2020,NULL,NULL,'2019-20',7,10,'\'\'','2020-04-26 00:00:00','2020-08-08 00:00:00','fgh@test.com'),(102,1,102,2,24,17,2,2020,NULL,NULL,'2020-21',7,10,'\'\'','2019-12-17 00:00:00','2020-08-08 00:00:00','fgh@test.com'),(103,1,103,3,25,1,1,2020,NULL,NULL,'2019-20',7,10,'\'\'','2020-01-25 00:00:00','2020-08-08 00:00:00','test@gmail.com'),(104,1,104,4,26,2,2,2020,NULL,NULL,'2020-21',7,10,'\'\'','2020-08-07 00:00:00','2020-08-08 00:00:00','fgh@test.com'),(105,1,105,5,1,3,1,2020,NULL,NULL,'2019-20',9,10,'\'\'','2020-04-09 00:00:00','2020-08-08 00:00:00','seniorteacher@test.com'),(106,1,106,1,2,4,2,2020,NULL,NULL,'2020-21',7,10,'\'\'','2019-10-18 00:00:00','2020-08-08 00:00:00','prabhashanth@gmail.com'),(107,1,107,2,3,5,1,2020,NULL,NULL,'2019-20',7,10,'\'\'','2019-10-12 00:00:00','2020-08-08 00:00:00','prabhashanth@gmail.com'),(108,1,108,3,4,6,2,2020,NULL,NULL,'2020-21',5,10,'\'\'','2020-05-06 00:00:00','2020-08-08 00:00:00','seniorteacher@test.com'),(109,1,109,4,5,7,1,2020,NULL,NULL,'2019-20',9,10,'\'\'','2020-05-08 00:00:00','2020-08-08 00:00:00','test@test.com'),(110,1,110,5,6,8,2,2020,NULL,NULL,'2020-21',5,10,'\'\'','2020-08-05 00:00:00','2020-08-08 00:00:00','fgh@test.com'),(111,1,111,1,7,9,1,2020,NULL,NULL,'2019-20',7,10,'\'\'','2020-07-03 00:00:00','2020-08-08 00:00:00','fgh@test.com'),(112,1,112,2,8,10,2,2020,NULL,NULL,'2020-21',9,10,'\'\'','2019-10-21 00:00:00','2020-08-08 00:00:00','test@gmail.com'),(113,1,113,3,9,11,1,2020,NULL,NULL,'2019-20',9,10,'\'\'','2019-09-19 00:00:00','2020-08-08 00:00:00','seniorteacher@test.com'),(114,1,114,4,10,12,2,2020,NULL,NULL,'2020-21',7,10,'\'\'','2019-08-24 00:00:00','2020-08-08 00:00:00','test@gmail.com'),(115,1,115,5,11,13,1,2020,NULL,NULL,'2019-20',8,10,'\'\'','2019-10-01 00:00:00','2020-08-08 00:00:00','fgh@test.com'),(116,1,116,1,12,14,2,2020,NULL,NULL,'2020-21',9,10,'\'\'','2019-10-31 00:00:00','2020-08-08 00:00:00','test@test.com'),(117,1,117,2,13,15,1,2020,NULL,NULL,'2019-20',5,10,'\'\'','2020-03-16 00:00:00','2020-08-08 00:00:00','test@test.com'),(118,1,118,3,14,16,2,2020,NULL,NULL,'2020-21',5,10,'\'\'','2020-02-28 00:00:00','2020-08-08 00:00:00','test@test.com'),(119,1,119,4,15,17,1,2020,NULL,NULL,'2019-20',8,10,'\'\'','2019-12-19 00:00:00','2020-08-08 00:00:00','test@test.com'),(120,1,120,5,16,1,2,2020,NULL,NULL,'2020-21',5,10,'\'\'','2020-06-30 00:00:00','2020-08-08 00:00:00','fgh@test.com'),(121,1,121,1,17,2,1,2020,NULL,NULL,'2019-20',5,10,'\'\'','2019-08-09 00:00:00','2020-08-08 00:00:00','fgh@test.com'),(122,1,122,2,18,3,2,2020,NULL,NULL,'2020-21',7,10,'\'\'','2020-05-24 00:00:00','2020-08-08 00:00:00','seniorteacher@test.com'),(123,1,123,3,19,4,1,2020,NULL,NULL,'2019-20',8,10,'\'\'','2019-12-20 00:00:00','2020-08-08 00:00:00','fgh@test.com'),(124,1,124,4,20,5,2,2020,NULL,NULL,'2020-21',7,10,'\'\'','2020-06-02 00:00:00','2020-08-08 00:00:00','test@test.com'),(125,1,125,5,21,6,1,2020,NULL,NULL,'2019-20',8,10,'\'\'','2019-12-17 00:00:00','2020-08-08 00:00:00','prabhashanth@gmail.com'),(126,1,126,1,22,7,2,2020,NULL,NULL,'2020-21',8,10,'\'\'','2020-02-22 00:00:00','2020-08-08 00:00:00','test@test.com'),(127,1,127,2,23,8,1,2020,NULL,NULL,'2019-20',7,10,'\'\'','2020-04-30 00:00:00','2020-08-08 00:00:00','seniorteacher@test.com'),(128,1,128,3,24,9,2,2020,NULL,NULL,'2020-21',7,10,'\'\'','2020-05-25 00:00:00','2020-08-08 00:00:00','test@test.com'),(129,1,129,4,25,10,1,2020,NULL,NULL,'2019-20',7,10,'\'\'','2020-06-28 00:00:00','2020-08-08 00:00:00','prabhashanth@gmail.com'),(130,1,130,5,26,11,2,2020,NULL,NULL,'2020-21',6,10,'\'\'','2020-05-03 00:00:00','2020-08-08 00:00:00','prabhashanth@gmail.com'),(131,1,131,1,1,12,1,2020,NULL,NULL,'2019-20',9,10,'\'\'','2020-07-17 00:00:00','2020-08-08 00:00:00','fgh@test.com'),(132,1,132,2,2,13,2,2020,NULL,NULL,'2020-21',9,10,'\'\'','2019-08-19 00:00:00','2020-08-08 00:00:00','test@test.com'),(133,1,133,3,3,14,1,2020,NULL,NULL,'2019-20',6,10,'\'\'','2020-01-12 00:00:00','2020-08-08 00:00:00','seniorteacher@test.com'),(134,1,134,4,4,15,2,2020,NULL,NULL,'2020-21',8,10,'\'\'','2020-03-06 00:00:00','2020-08-08 00:00:00','fgh@test.com'),(135,1,135,5,5,16,1,2020,NULL,NULL,'2019-20',7,10,'\'\'','2019-08-17 00:00:00','2020-08-08 00:00:00','seniorteacher@test.com'),(136,1,136,1,6,17,2,2020,NULL,NULL,'2020-21',8,10,'\'\'','2019-10-04 00:00:00','2020-08-08 00:00:00','seniorteacher@test.com'),(137,1,137,2,7,1,1,2020,NULL,NULL,'2019-20',8,10,'\'\'','2020-07-28 00:00:00','2020-08-08 00:00:00','test@test.com'),(138,1,138,3,8,2,2,2020,NULL,NULL,'2020-21',5,10,'\'\'','2019-08-09 00:00:00','2020-08-08 00:00:00','test@test.com'),(139,1,139,4,9,3,1,2020,NULL,NULL,'2019-20',7,10,'\'\'','2020-01-31 00:00:00','2020-08-08 00:00:00','test@gmail.com'),(140,1,140,5,10,4,2,2020,NULL,NULL,'2020-21',5,10,'\'\'','2020-04-26 00:00:00','2020-08-08 00:00:00','test@gmail.com'),(141,1,141,1,11,5,1,2020,NULL,NULL,'2019-20',8,10,'\'\'','2020-06-12 00:00:00','2020-08-08 00:00:00','prabhashanth@gmail.com'),(142,1,142,2,12,6,2,2020,NULL,NULL,'2020-21',6,10,'\'\'','2019-12-17 00:00:00','2020-08-08 00:00:00','seniorteacher@test.com'),(143,1,143,3,13,7,1,2020,NULL,NULL,'2019-20',6,10,'\'\'','2020-03-22 00:00:00','2020-08-08 00:00:00','fgh@test.com'),(144,1,144,4,14,8,2,2020,NULL,NULL,'2020-21',6,10,'\'\'','2020-04-17 00:00:00','2020-08-08 00:00:00','seniorteacher@test.com'),(145,1,145,5,15,9,1,2020,NULL,NULL,'2019-20',5,10,'\'\'','2019-09-08 00:00:00','2020-08-08 00:00:00','test@test.com'),(146,1,146,1,16,10,2,2020,NULL,NULL,'2020-21',5,10,'\'\'','2020-05-08 00:00:00','2020-08-08 00:00:00','test@gmail.com'),(147,1,147,2,17,11,1,2020,NULL,NULL,'2019-20',8,10,'\'\'','2019-11-11 00:00:00','2020-08-08 00:00:00','test@test.com'),(148,1,148,3,18,12,2,2020,NULL,NULL,'2020-21',7,10,'\'\'','2020-01-05 00:00:00','2020-08-08 00:00:00','test@gmail.com'),(149,1,149,4,19,13,1,2020,NULL,NULL,'2019-20',7,10,'\'\'','2020-02-13 00:00:00','2020-08-08 00:00:00','seniorteacher@test.com'),(150,1,150,5,20,14,2,2020,NULL,NULL,'2020-21',9,10,'\'\'','2019-10-16 00:00:00','2020-08-08 00:00:00','fgh@test.com'),(151,1,151,1,21,15,1,2020,NULL,NULL,'2019-20',8,10,'\'\'','2020-02-29 00:00:00','2020-08-08 00:00:00','seniorteacher@test.com'),(152,1,152,2,22,16,2,2020,NULL,NULL,'2020-21',6,10,'\'\'','2020-05-04 00:00:00','2020-08-08 00:00:00','prabhashanth@gmail.com'),(153,1,153,3,23,17,1,2020,NULL,NULL,'2019-20',5,10,'\'\'','2020-07-06 00:00:00','2020-08-08 00:00:00','test@test.com'),(154,1,154,4,24,1,2,2020,NULL,NULL,'2020-21',9,10,'\'\'','2020-07-03 00:00:00','2020-08-08 00:00:00','prabhashanth@gmail.com'),(155,1,155,5,25,2,1,2020,NULL,NULL,'2019-20',6,10,'\'\'','2019-10-03 00:00:00','2020-08-08 00:00:00','test@gmail.com'),(156,1,156,1,26,3,2,2020,NULL,NULL,'2020-21',8,10,'\'\'','2019-11-14 00:00:00','2020-08-08 00:00:00','test@gmail.com'),(157,1,157,2,1,4,1,2020,NULL,NULL,'2019-20',9,10,'\'\'','2020-06-01 00:00:00','2020-08-08 00:00:00','test@test.com'),(158,1,158,3,2,5,2,2020,NULL,NULL,'2020-21',9,10,'\'\'','2019-12-29 00:00:00','2020-08-08 00:00:00','test@gmail.com'),(159,1,159,4,3,6,1,2020,NULL,NULL,'2019-20',9,10,'\'\'','2020-03-15 00:00:00','2020-08-08 00:00:00','test@gmail.com'),(160,1,160,5,4,7,2,2020,NULL,NULL,'2020-21',6,10,'\'\'','2020-02-17 00:00:00','2020-08-08 00:00:00','test@gmail.com'),(161,1,161,1,5,8,1,2020,NULL,NULL,'2019-20',5,10,'\'\'','2020-05-15 00:00:00','2020-08-08 00:00:00','test@gmail.com'),(162,1,162,2,6,9,2,2020,NULL,NULL,'2020-21',6,10,'\'\'','2020-06-03 00:00:00','2020-08-08 00:00:00','fgh@test.com'),(163,1,163,3,7,10,1,2020,NULL,NULL,'2019-20',6,10,'\'\'','2020-07-28 00:00:00','2020-08-08 00:00:00','prabhashanth@gmail.com'),(164,1,164,4,8,11,2,2020,NULL,NULL,'2020-21',6,10,'\'\'','2020-04-27 00:00:00','2020-08-08 00:00:00','fgh@test.com'),(165,1,165,5,9,12,1,2020,NULL,NULL,'2019-20',7,10,'\'\'','2020-04-03 00:00:00','2020-08-08 00:00:00','test@gmail.com'),(166,1,166,1,10,13,2,2020,NULL,NULL,'2020-21',6,10,'\'\'','2019-10-24 00:00:00','2020-08-08 00:00:00','test@test.com'),(167,1,167,2,11,14,1,2020,NULL,NULL,'2019-20',9,10,'\'\'','2020-04-23 00:00:00','2020-08-08 00:00:00','test@test.com'),(168,1,168,3,12,15,2,2020,NULL,NULL,'2020-21',8,10,'\'\'','2020-06-29 00:00:00','2020-08-08 00:00:00','prabhashanth@gmail.com'),(169,1,169,4,13,16,1,2020,NULL,NULL,'2019-20',8,10,'\'\'','2020-07-20 00:00:00','2020-08-08 00:00:00','seniorteacher@test.com'),(170,1,170,5,14,17,2,2020,NULL,NULL,'2020-21',7,10,'\'\'','2020-01-21 00:00:00','2020-08-08 00:00:00','test@gmail.com'),(171,1,171,1,15,1,1,2020,NULL,NULL,'2019-20',6,10,'\'\'','2019-10-05 00:00:00','2020-08-08 00:00:00','prabhashanth@gmail.com'),(172,1,172,2,16,2,2,2020,NULL,NULL,'2020-21',7,10,'\'\'','2020-07-03 00:00:00','2020-08-08 00:00:00','test@test.com'),(173,1,173,3,17,3,1,2020,NULL,NULL,'2019-20',7,10,'\'\'','2019-10-31 00:00:00','2020-08-08 00:00:00','prabhashanth@gmail.com'),(174,1,174,4,18,4,2,2020,NULL,NULL,'2020-21',6,10,'\'\'','2019-08-24 00:00:00','2020-08-08 00:00:00','test@gmail.com'),(175,1,175,5,19,5,1,2020,NULL,NULL,'2019-20',5,10,'\'\'','2019-08-21 00:00:00','2020-08-08 00:00:00','test@gmail.com'),(176,1,176,1,20,6,2,2020,NULL,NULL,'2020-21',7,10,'\'\'','2020-05-18 00:00:00','2020-08-08 00:00:00','seniorteacher@test.com'),(177,1,177,2,21,7,1,2020,NULL,NULL,'2019-20',6,10,'\'\'','2020-04-19 00:00:00','2020-08-08 00:00:00','prabhashanth@gmail.com'),(178,1,178,3,22,8,2,2020,NULL,NULL,'2020-21',9,10,'\'\'','2020-02-21 00:00:00','2020-08-08 00:00:00','seniorteacher@test.com'),(179,1,179,4,23,9,1,2020,NULL,NULL,'2019-20',9,10,'\'\'','2020-08-05 00:00:00','2020-08-08 00:00:00','test@test.com'),(180,1,180,5,24,10,2,2020,NULL,NULL,'2020-21',8,10,'\'\'','2019-11-15 00:00:00','2020-08-08 00:00:00','fgh@test.com'),(181,1,181,1,25,11,1,2020,NULL,NULL,'2019-20',5,10,'\'\'','2020-02-16 00:00:00','2020-08-08 00:00:00','prabhashanth@gmail.com'),(182,1,182,2,26,12,2,2020,NULL,NULL,'2020-21',8,10,'\'\'','2019-09-28 00:00:00','2020-08-08 00:00:00','test@test.com'),(183,1,183,3,1,13,1,2020,NULL,NULL,'2019-20',7,10,'\'\'','2020-01-07 00:00:00','2020-08-08 00:00:00','fgh@test.com'),(184,1,184,4,2,14,2,2020,NULL,NULL,'2020-21',8,10,'\'\'','2020-07-11 00:00:00','2020-08-08 00:00:00','fgh@test.com'),(185,1,185,5,3,15,1,2020,NULL,NULL,'2019-20',7,10,'\'\'','2019-09-15 00:00:00','2020-08-08 00:00:00','test@gmail.com'),(186,1,186,1,4,16,2,2020,NULL,NULL,'2020-21',5,10,'\'\'','2019-10-12 00:00:00','2020-08-08 00:00:00','test@gmail.com'),(187,1,187,2,5,17,1,2020,NULL,NULL,'2019-20',5,10,'\'\'','2020-01-03 00:00:00','2020-08-08 00:00:00','test@test.com'),(188,1,188,3,6,1,2,2020,NULL,NULL,'2020-21',6,10,'\'\'','2019-12-24 00:00:00','2020-08-08 00:00:00','prabhashanth@gmail.com'),(189,1,189,4,7,2,1,2020,NULL,NULL,'2019-20',7,10,'\'\'','2020-04-23 00:00:00','2020-08-08 00:00:00','test@test.com'),(190,1,190,5,8,3,2,2020,NULL,NULL,'2020-21',7,10,'\'\'','2020-01-17 00:00:00','2020-08-08 00:00:00','test@test.com'),(191,1,191,1,9,4,1,2020,NULL,NULL,'2019-20',7,10,'\'\'','2020-07-26 00:00:00','2020-08-08 00:00:00','fgh@test.com'),(192,1,192,2,10,5,2,2020,NULL,NULL,'2020-21',6,10,'\'\'','2020-02-08 00:00:00','2020-08-08 00:00:00','seniorteacher@test.com'),(193,1,193,3,11,6,1,2020,NULL,NULL,'2019-20',5,10,'\'\'','2020-03-29 00:00:00','2020-08-08 00:00:00','test@gmail.com'),(194,1,194,4,12,7,2,2020,NULL,NULL,'2020-21',9,10,'\'\'','2019-11-11 00:00:00','2020-08-08 00:00:00','seniorteacher@test.com'),(195,1,195,5,13,8,1,2020,NULL,NULL,'2019-20',9,10,'\'\'','2020-02-26 00:00:00','2020-08-08 00:00:00','fgh@test.com'),(196,1,196,1,14,9,2,2020,NULL,NULL,'2020-21',5,10,'\'\'','2020-05-11 00:00:00','2020-08-08 00:00:00','prabhashanth@gmail.com'),(197,1,197,2,15,10,1,2020,5,5,'2019-20',7,10,'\'\'','2020-07-26 00:00:00','2020-08-08 00:00:00','fgh@test.com'),(198,1,198,3,16,11,2,2020,NULL,NULL,'2020-21',9,10,'\'\'','2020-05-20 00:00:00','2020-08-08 00:00:00','test@test.com'),(199,1,199,4,17,12,1,2020,NULL,NULL,'2019-20',5,10,'\'\'','2020-01-04 00:00:00','2020-08-08 00:00:00','seniorteacher@test.com'),(200,1,200,5,18,13,2,2020,NULL,NULL,'2020-21',9,10,'\'\'','2019-11-01 00:00:00','2020-08-08 00:00:00','fgh@test.com'),(201,1,201,1,19,14,1,2020,NULL,NULL,'2019-20',5,10,'\'\'','2019-10-24 00:00:00','2020-08-08 00:00:00','prabhashanth@gmail.com'),(202,1,202,2,20,15,2,2020,NULL,NULL,'2020-21',9,10,'\'\'','2019-10-23 00:00:00','2020-08-08 00:00:00','seniorteacher@test.com'),(203,1,203,3,21,16,1,2020,NULL,NULL,'2019-20',7,10,'\'\'','2019-10-11 00:00:00','2020-08-08 00:00:00','test@test.com'),(204,1,204,4,22,17,2,2020,NULL,NULL,'2020-21',7,10,'\'\'','2020-06-28 00:00:00','2020-08-08 00:00:00','prabhashanth@gmail.com'),(205,1,205,5,23,1,1,2020,NULL,NULL,'2019-20',7,10,'\'\'','2020-01-02 00:00:00','2020-08-08 00:00:00','test@test.com'),(206,1,206,1,24,2,2,2020,NULL,NULL,'2020-21',9,10,'\'\'','2020-03-18 00:00:00','2020-08-08 00:00:00','fgh@test.com'),(207,1,207,2,25,3,1,2020,NULL,NULL,'2019-20',9,10,'\'\'','2020-03-01 00:00:00','2020-08-08 00:00:00','seniorteacher@test.com'),(208,1,208,3,26,4,2,2020,NULL,NULL,'2020-21',6,10,'\'\'','2019-10-27 00:00:00','2020-08-08 00:00:00','test@gmail.com'),(209,1,209,4,1,5,1,2020,NULL,NULL,'2019-20',7,10,'\'\'','2020-02-26 00:00:00','2020-08-08 00:00:00','test@gmail.com'),(210,1,210,5,2,6,2,2020,NULL,NULL,'2020-21',8,10,'\'\'','2020-03-24 00:00:00','2020-08-08 00:00:00','prabhashanth@gmail.com'),(211,1,211,1,3,7,1,2020,NULL,NULL,'2019-20',6,10,'\'\'','2020-08-04 00:00:00','2020-08-08 00:00:00','test@gmail.com'),(212,1,212,2,4,8,2,2020,NULL,NULL,'2020-21',5,10,'\'\'','2020-06-22 00:00:00','2020-08-08 00:00:00','test@test.com'),(213,1,213,3,5,9,1,2020,NULL,NULL,'2019-20',8,10,'\'\'','2020-04-22 00:00:00','2020-08-08 00:00:00','test@test.com'),(214,1,214,4,6,10,2,2020,NULL,NULL,'2020-21',5,10,'\'\'','2020-05-18 00:00:00','2020-08-08 00:00:00','test@test.com'),(215,1,215,5,7,11,1,2020,NULL,NULL,'2019-20',5,10,'\'\'','2020-06-03 00:00:00','2020-08-08 00:00:00','test@test.com'),(216,1,216,1,8,12,2,2020,NULL,NULL,'2020-21',7,10,'\'\'','2019-12-07 00:00:00','2020-08-08 00:00:00','seniorteacher@test.com'),(217,1,217,2,9,13,1,2020,NULL,NULL,'2019-20',8,10,'\'\'','2020-05-21 00:00:00','2020-08-08 00:00:00','fgh@test.com'),(218,1,218,3,10,14,2,2020,NULL,NULL,'2020-21',9,10,'\'\'','2020-02-11 00:00:00','2020-08-08 00:00:00','test@gmail.com'),(219,1,219,4,11,15,1,2020,NULL,NULL,'2019-20',7,10,'\'\'','2020-05-08 00:00:00','2020-08-08 00:00:00','test@gmail.com'),(220,1,220,5,12,16,2,2020,NULL,NULL,'2020-21',9,10,'\'\'','2019-11-22 00:00:00','2020-08-08 00:00:00','test@gmail.com'),(221,1,221,1,13,17,1,2020,NULL,NULL,'2019-20',9,10,'\'\'','2020-01-10 00:00:00','2020-08-08 00:00:00','seniorteacher@test.com'),(222,1,222,2,14,1,2,2020,NULL,NULL,'2020-21',7,10,'\'\'','2019-09-04 00:00:00','2020-08-08 00:00:00','fgh@test.com'),(223,1,223,3,15,2,1,2020,NULL,NULL,'2019-20',8,10,'\'\'','2020-02-13 00:00:00','2020-08-08 00:00:00','seniorteacher@test.com'),(224,1,224,4,16,3,2,2020,NULL,NULL,'2020-21',6,10,'\'\'','2020-06-30 00:00:00','2020-08-08 00:00:00','prabhashanth@gmail.com'),(225,1,225,5,17,4,1,2020,NULL,NULL,'2019-20',9,10,'\'\'','2020-05-02 00:00:00','2020-08-08 00:00:00','fgh@test.com'),(226,1,226,1,18,5,2,2020,NULL,NULL,'2020-21',6,10,'\'\'','2019-12-04 00:00:00','2020-08-08 00:00:00','test@gmail.com'),(227,1,227,2,19,6,1,2020,NULL,NULL,'2019-20',5,10,'\'\'','2020-03-24 00:00:00','2020-08-08 00:00:00','fgh@test.com'),(228,1,228,3,20,7,2,2020,NULL,NULL,'2020-21',6,10,'\'\'','2019-09-13 00:00:00','2020-08-08 00:00:00','test@gmail.com'),(229,1,229,4,21,8,1,2020,NULL,NULL,'2019-20',5,10,'\'\'','2019-09-30 00:00:00','2020-08-08 00:00:00','fgh@test.com'),(230,1,230,5,22,9,2,2020,NULL,NULL,'2020-21',7,10,'\'\'','2019-11-24 00:00:00','2020-08-08 00:00:00','test@test.com'),(231,1,231,1,23,10,1,2020,NULL,NULL,'2019-20',8,10,'\'\'','2020-01-24 00:00:00','2020-08-08 00:00:00','seniorteacher@test.com'),(232,1,232,2,24,11,2,2020,NULL,NULL,'2020-21',6,10,'\'\'','2020-07-31 00:00:00','2020-08-08 00:00:00','test@gmail.com'),(233,1,233,3,25,12,1,2020,NULL,NULL,'2019-20',9,10,'\'\'','2019-10-08 00:00:00','2020-08-08 00:00:00','test@gmail.com'),(234,1,234,4,26,13,2,2020,NULL,NULL,'2020-21',8,10,'\'\'','2019-09-29 00:00:00','2020-08-08 00:00:00','test@test.com'),(235,1,235,5,1,14,1,2020,NULL,NULL,'2019-20',7,10,'\'\'','2020-02-29 00:00:00','2020-08-08 00:00:00','seniorteacher@test.com'),(236,1,236,1,2,15,2,2020,NULL,NULL,'2020-21',6,10,'\'\'','2020-03-13 00:00:00','2020-08-08 00:00:00','fgh@test.com'),(237,1,237,2,3,16,1,2020,NULL,NULL,'2019-20',7,10,'\'\'','2020-08-04 00:00:00','2020-08-08 00:00:00','seniorteacher@test.com'),(238,1,238,3,4,17,2,2020,NULL,NULL,'2020-21',6,10,'\'\'','2020-02-26 00:00:00','2020-08-08 00:00:00','prabhashanth@gmail.com'),(239,1,239,4,5,1,1,2020,NULL,NULL,'2019-20',8,10,'\'\'','2020-06-10 00:00:00','2020-08-08 00:00:00','fgh@test.com'),(240,1,240,5,6,2,2,2020,NULL,NULL,'2020-21',7,10,'\'\'','2019-10-24 00:00:00','2020-08-08 00:00:00','test@gmail.com'),(241,1,241,1,7,3,1,2020,NULL,NULL,'2019-20',8,10,'\'\'','2020-07-22 00:00:00','2020-08-08 00:00:00','prabhashanth@gmail.com'),(242,1,242,2,8,4,2,2020,NULL,NULL,'2020-21',9,10,'\'\'','2019-10-19 00:00:00','2020-08-08 00:00:00','prabhashanth@gmail.com'),(243,1,243,3,9,5,1,2020,NULL,NULL,'2019-20',9,10,'\'\'','2020-06-25 00:00:00','2020-08-08 00:00:00','fgh@test.com'),(244,1,244,4,10,6,2,2020,NULL,NULL,'2020-21',5,10,'\'\'','2019-11-01 00:00:00','2020-08-08 00:00:00','test@gmail.com'),(245,1,245,5,11,7,1,2020,NULL,NULL,'2019-20',8,10,'\'\'','2019-12-27 00:00:00','2020-08-08 00:00:00','fgh@test.com'),(246,1,246,1,12,8,2,2020,NULL,NULL,'2020-21',5,10,'\'\'','2019-12-10 00:00:00','2020-08-08 00:00:00','fgh@test.com'),(247,1,247,2,13,9,1,2020,NULL,NULL,'2019-20',7,10,'\'\'','2020-02-03 00:00:00','2020-08-08 00:00:00','test@test.com'),(248,1,248,3,14,10,2,2020,NULL,NULL,'2020-21',7,10,'\'\'','2019-12-14 00:00:00','2020-08-08 00:00:00','seniorteacher@test.com'),(249,1,249,4,15,11,1,2020,NULL,NULL,'2019-20',8,10,'\'\'','2019-12-28 00:00:00','2020-08-08 00:00:00','seniorteacher@test.com'),(250,1,250,5,16,12,2,2020,NULL,NULL,'2020-21',6,10,'\'\'','2020-01-30 00:00:00','2020-08-08 00:00:00','test@test.com'),(251,1,251,1,17,13,1,2020,NULL,NULL,'2019-20',7,10,'\'\'','2020-03-22 00:00:00','2020-08-08 00:00:00','fgh@test.com'),(252,1,252,2,18,14,2,2020,NULL,NULL,'2020-21',9,10,'\'\'','2020-04-19 00:00:00','2020-08-08 00:00:00','test@gmail.com'),(253,1,253,3,19,15,1,2020,NULL,NULL,'2019-20',8,10,'\'\'','2020-03-03 00:00:00','2020-08-08 00:00:00','test@test.com'),(254,1,254,4,20,16,2,2020,NULL,NULL,'2020-21',8,10,'\'\'','2020-05-16 00:00:00','2020-08-08 00:00:00','prabhashanth@gmail.com'),(255,1,255,5,21,17,1,2020,NULL,NULL,'2019-20',8,10,'\'\'','2020-02-28 00:00:00','2020-08-08 00:00:00','seniorteacher@test.com'),(256,1,256,1,22,1,2,2020,NULL,NULL,'2020-21',7,10,'\'\'','2020-03-18 00:00:00','2020-08-08 00:00:00','test@test.com'),(257,1,257,2,23,2,1,2020,NULL,NULL,'2019-20',9,10,'\'\'','2020-06-22 00:00:00','2020-08-08 00:00:00','test@test.com'),(258,1,258,3,24,3,2,2020,NULL,NULL,'2020-21',5,10,'\'\'','2019-08-14 00:00:00','2020-08-08 00:00:00','fgh@test.com'),(259,1,259,4,25,4,1,2020,NULL,NULL,'2019-20',9,10,'\'\'','2019-12-02 00:00:00','2020-08-08 00:00:00','fgh@test.com'),(260,1,260,5,26,5,2,2020,NULL,NULL,'2020-21',5,10,'\'\'','2019-11-05 00:00:00','2020-08-08 00:00:00','test@test.com'),(261,1,261,1,1,6,1,2020,NULL,NULL,'2019-20',8,10,'\'\'','2020-07-07 00:00:00','2020-08-08 00:00:00','test@test.com'),(262,1,262,2,2,7,2,2020,NULL,NULL,'2020-21',9,10,'\'\'','2019-12-24 00:00:00','2020-08-08 00:00:00','seniorteacher@test.com'),(263,1,263,3,3,8,1,2020,NULL,NULL,'2019-20',5,10,'\'\'','2020-02-22 00:00:00','2020-08-08 00:00:00','test@gmail.com'),(264,1,264,4,4,9,2,2020,NULL,NULL,'2020-21',8,10,'\'\'','2019-10-26 00:00:00','2020-08-08 00:00:00','seniorteacher@test.com'),(265,1,265,5,5,10,1,2020,NULL,NULL,'2019-20',9,10,'\'\'','2020-07-19 00:00:00','2020-08-08 00:00:00','test@gmail.com'),(266,1,266,1,6,11,2,2020,NULL,NULL,'2020-21',6,10,'\'\'','2020-06-04 00:00:00','2020-08-08 00:00:00','prabhashanth@gmail.com'),(267,1,267,2,7,12,1,2020,NULL,NULL,'2019-20',9,10,'\'\'','2020-04-06 00:00:00','2020-08-08 00:00:00','test@gmail.com'),(268,1,268,3,8,13,2,2020,NULL,NULL,'2020-21',8,10,'\'\'','2020-04-03 00:00:00','2020-08-08 00:00:00','prabhashanth@gmail.com'),(269,1,269,4,9,14,1,2020,NULL,NULL,'2019-20',7,10,'\'\'','2020-05-19 00:00:00','2020-08-08 00:00:00','fgh@test.com'),(270,1,270,5,10,15,2,2020,NULL,NULL,'2020-21',8,10,'\'\'','2019-10-22 00:00:00','2020-08-08 00:00:00','test@test.com'),(271,1,271,1,11,16,1,2020,NULL,NULL,'2019-20',7,10,'\'\'','2019-12-11 00:00:00','2020-08-08 00:00:00','test@test.com'),(272,1,272,2,12,17,2,2020,NULL,NULL,'2020-21',6,10,'\'\'','2020-04-10 00:00:00','2020-08-08 00:00:00','prabhashanth@gmail.com'),(273,1,273,3,13,1,1,2020,NULL,NULL,'2019-20',8,10,'\'\'','2020-02-21 00:00:00','2020-08-08 00:00:00','test@gmail.com'),(274,1,274,4,14,2,2,2020,NULL,NULL,'2020-21',5,10,'\'\'','2019-09-19 00:00:00','2020-08-08 00:00:00','prabhashanth@gmail.com'),(275,1,275,5,15,3,1,2020,NULL,NULL,'2019-20',5,10,'\'\'','2019-10-24 00:00:00','2020-08-08 00:00:00','test@gmail.com'),(276,1,276,1,16,4,2,2020,NULL,NULL,'2020-21',8,10,'\'\'','2020-06-29 00:00:00','2020-08-08 00:00:00','test@gmail.com'),(277,1,277,2,17,5,1,2020,NULL,NULL,'2019-20',9,10,'\'\'','2020-06-03 00:00:00','2020-08-08 00:00:00','test@test.com'),(278,1,278,3,18,6,2,2020,NULL,NULL,'2020-21',6,10,'\'\'','2020-05-23 00:00:00','2020-08-08 00:00:00','fgh@test.com'),(279,1,279,4,19,7,1,2020,NULL,NULL,'2019-20',7,10,'\'\'','2019-11-06 00:00:00','2020-08-08 00:00:00','test@test.com'),(280,1,280,5,20,8,2,2020,NULL,NULL,'2020-21',5,10,'\'\'','2019-08-24 00:00:00','2020-08-08 00:00:00','fgh@test.com'),(281,1,281,1,21,9,1,2020,NULL,NULL,'2019-20',8,10,'\'\'','2019-09-03 00:00:00','2020-08-08 00:00:00','prabhashanth@gmail.com'),(282,1,282,2,22,10,2,2020,NULL,NULL,'2020-21',5,10,'\'\'','2020-03-23 00:00:00','2020-08-08 00:00:00','test@test.com'),(283,1,283,3,23,11,1,2020,NULL,NULL,'2019-20',9,10,'\'\'','2020-01-31 00:00:00','2020-08-08 00:00:00','test@test.com'),(284,1,284,4,24,12,2,2020,NULL,NULL,'2020-21',5,10,'\'\'','2020-03-19 00:00:00','2020-08-08 00:00:00','test@test.com'),(285,1,285,5,25,13,1,2020,NULL,NULL,'2019-20',8,10,'\'\'','2019-10-26 00:00:00','2020-08-08 00:00:00','seniorteacher@test.com'),(286,1,286,1,26,14,2,2020,NULL,NULL,'2020-21',6,10,'\'\'','2020-08-06 00:00:00','2020-08-08 00:00:00','test@test.com'),(287,1,287,2,1,15,1,2020,NULL,NULL,'2019-20',6,10,'\'\'','2020-07-15 00:00:00','2020-08-08 00:00:00','prabhashanth@gmail.com'),(288,1,288,3,2,16,2,2020,NULL,NULL,'2020-21',7,10,'\'\'','2019-10-08 00:00:00','2020-08-08 00:00:00','prabhashanth@gmail.com'),(289,1,289,4,3,17,1,2020,NULL,NULL,'2019-20',6,10,'\'\'','2019-08-23 00:00:00','2020-08-08 00:00:00','fgh@test.com'),(290,1,290,5,4,1,2,2020,NULL,NULL,'2020-21',5,10,'\'\'','2020-04-23 00:00:00','2020-08-08 00:00:00','seniorteacher@test.com'),(291,1,291,1,5,2,1,2020,NULL,NULL,'2019-20',5,10,'\'\'','2020-03-10 00:00:00','2020-08-08 00:00:00','test@test.com'),(292,1,292,2,6,3,2,2020,NULL,NULL,'2020-21',9,10,'\'\'','2019-12-02 00:00:00','2020-08-08 00:00:00','prabhashanth@gmail.com'),(293,1,293,3,7,4,1,2020,NULL,NULL,'2019-20',5,10,'\'\'','2019-12-19 00:00:00','2020-08-08 00:00:00','test@gmail.com'),(294,1,294,4,8,5,2,2020,NULL,NULL,'2020-21',6,10,'\'\'','2020-03-22 00:00:00','2020-08-08 00:00:00','fgh@test.com'),(295,1,295,5,9,6,1,2020,NULL,NULL,'2019-20',8,10,'\'\'','2020-03-26 00:00:00','2020-08-08 00:00:00','test@test.com'),(296,1,296,1,10,7,2,2020,NULL,NULL,'2020-21',8,10,'\'\'','2020-03-16 00:00:00','2020-08-08 00:00:00','test@gmail.com'),(297,1,297,2,11,8,1,2020,NULL,NULL,'2019-20',8,10,'\'\'','2019-10-24 00:00:00','2020-08-08 00:00:00','fgh@test.com'),(298,1,298,3,12,9,2,2020,NULL,NULL,'2020-21',7,10,'\'\'','2020-03-19 00:00:00','2020-08-08 00:00:00','fgh@test.com'),(299,1,299,4,13,10,1,2020,NULL,NULL,'2019-20',9,10,'\'\'','2020-06-01 00:00:00','2020-08-08 00:00:00','prabhashanth@gmail.com'),(300,1,300,5,14,11,2,2020,NULL,NULL,'2020-21',9,10,'\'\'','2020-01-07 00:00:00','2020-08-08 00:00:00','seniorteacher@test.com'),(301,1,1,1,15,12,1,2020,NULL,NULL,'2019-20',7,10,'\'\'','2019-12-30 00:00:00','2020-08-08 00:00:00','test@test.com'),(302,1,2,2,16,13,2,2020,NULL,NULL,'2020-21',5,10,'\'\'','2019-08-14 00:00:00','2020-08-08 00:00:00','seniorteacher@test.com'),(303,1,3,3,17,14,1,2020,3,3,'2019-20',5,10,'\'\'','2020-05-16 00:00:00','2020-08-08 00:00:00','prabhashanth@gmail.com'),(304,1,4,4,18,15,2,2020,NULL,NULL,'2020-21',5,10,'\'\'','2020-02-21 00:00:00','2020-08-08 00:00:00','seniorteacher@test.com'),(305,1,5,5,19,16,1,2020,NULL,NULL,'2019-20',7,10,'\'\'','2020-01-23 00:00:00','2020-08-08 00:00:00','seniorteacher@test.com'),(306,1,6,1,20,17,2,2020,NULL,NULL,'2020-21',7,10,'\'\'','2020-07-18 00:00:00','2020-08-08 00:00:00','test@gmail.com'),(307,1,7,2,21,1,1,2020,NULL,NULL,'2019-20',6,10,'\'\'','2020-02-28 00:00:00','2020-08-08 00:00:00','seniorteacher@test.com'),(308,1,8,3,22,2,2,2020,NULL,NULL,'2020-21',9,10,'\'\'','2019-10-16 00:00:00','2020-08-08 00:00:00','seniorteacher@test.com'),(309,1,9,4,23,3,1,2020,NULL,NULL,'2019-20',7,10,'\'\'','2020-04-05 00:00:00','2020-08-08 00:00:00','prabhashanth@gmail.com'),(310,1,10,5,24,4,2,2020,NULL,NULL,'2020-21',6,10,'\'\'','2019-12-08 00:00:00','2020-08-08 00:00:00','seniorteacher@test.com'),(311,1,11,1,25,5,1,2020,NULL,NULL,'2019-20',9,10,'\'\'','2020-06-09 00:00:00','2020-08-08 00:00:00','fgh@test.com'),(312,1,12,2,26,6,2,2020,NULL,NULL,'2020-21',8,10,'\'\'','2019-11-19 00:00:00','2020-08-08 00:00:00','test@test.com'),(313,1,13,3,1,7,1,2020,NULL,NULL,'2019-20',7,10,'\'\'','2019-09-25 00:00:00','2020-08-08 00:00:00','test@test.com'),(314,1,14,4,2,8,2,2020,NULL,NULL,'2020-21',9,10,'\'\'','2020-03-15 00:00:00','2020-08-08 00:00:00','fgh@test.com'),(315,1,15,5,3,9,1,2020,NULL,NULL,'2019-20',9,10,'\'\'','2019-11-20 00:00:00','2020-08-08 00:00:00','test@test.com'),(316,1,16,1,4,10,2,2020,NULL,NULL,'2020-21',9,10,'\'\'','2019-09-20 00:00:00','2020-08-08 00:00:00','seniorteacher@test.com'),(317,1,17,2,5,11,1,2020,NULL,NULL,'2019-20',5,10,'\'\'','2020-04-18 00:00:00','2020-08-08 00:00:00','seniorteacher@test.com'),(318,1,18,3,6,12,2,2020,NULL,NULL,'2020-21',8,10,'\'\'','2020-04-19 00:00:00','2020-08-08 00:00:00','test@gmail.com'),(319,1,19,4,7,13,1,2020,NULL,NULL,'2019-20',6,10,'\'\'','2020-07-23 00:00:00','2020-08-08 00:00:00','test@test.com'),(320,1,20,5,8,14,2,2020,NULL,NULL,'2020-21',9,10,'\'\'','2020-07-01 00:00:00','2020-08-08 00:00:00','test@gmail.com'),(321,1,21,1,9,15,1,2020,NULL,NULL,'2019-20',6,10,'\'\'','2020-07-27 00:00:00','2020-08-08 00:00:00','prabhashanth@gmail.com'),(322,1,22,2,10,16,2,2020,4,4,'2020-21',9,10,'\'\'','2019-08-19 00:00:00','2020-08-08 00:00:00','test@gmail.com'),(323,1,23,3,11,17,1,2020,NULL,NULL,'2019-20',8,10,'\'\'','2019-08-14 00:00:00','2020-08-08 00:00:00','prabhashanth@gmail.com'),(324,1,24,4,12,1,2,2020,NULL,NULL,'2020-21',7,10,'\'\'','2019-11-13 00:00:00','2020-08-08 00:00:00','prabhashanth@gmail.com'),(325,1,25,5,13,2,1,2020,NULL,NULL,'2019-20',6,10,'\'\'','2020-01-14 00:00:00','2020-08-08 00:00:00','test@gmail.com'),(326,1,26,1,14,3,2,2020,NULL,NULL,'2020-21',8,10,'\'\'','2019-09-24 00:00:00','2020-08-08 00:00:00','test@gmail.com'),(327,1,27,2,15,4,1,2020,NULL,NULL,'2019-20',9,10,'\'\'','2020-06-29 00:00:00','2020-08-08 00:00:00','test@test.com'),(328,1,28,3,16,5,2,2020,NULL,NULL,'2020-21',5,10,'\'\'','2019-08-23 00:00:00','2020-08-08 00:00:00','fgh@test.com'),(329,1,29,4,17,6,1,2020,NULL,NULL,'2019-20',5,10,'\'\'','2019-09-21 00:00:00','2020-08-08 00:00:00','prabhashanth@gmail.com'),(330,1,30,5,18,7,2,2020,NULL,NULL,'2020-21',8,10,'\'\'','2019-11-27 00:00:00','2020-08-08 00:00:00','fgh@test.com'),(331,1,31,1,19,8,1,2020,NULL,NULL,'2019-20',7,10,'\'\'','2020-06-17 00:00:00','2020-08-08 00:00:00','fgh@test.com'),(332,1,32,2,20,9,2,2020,2,2,'2020-21',6,10,'\'\'','2020-03-09 00:00:00','2020-08-08 00:00:00','prabhashanth@gmail.com'),(333,1,33,3,21,10,1,2020,NULL,NULL,'2019-20',5,10,'\'\'','2020-01-21 00:00:00','2020-08-08 00:00:00','fgh@test.com'),(334,1,34,4,22,11,2,2020,NULL,NULL,'2020-21',9,10,'\'\'','2020-05-05 00:00:00','2020-08-08 00:00:00','test@gmail.com'),(335,1,35,5,23,12,1,2020,NULL,NULL,'2019-20',7,10,'\'\'','2020-01-25 00:00:00','2020-08-08 00:00:00','prabhashanth@gmail.com'),(336,1,36,1,24,13,2,2020,NULL,NULL,'2020-21',8,10,'\'\'','2020-02-20 00:00:00','2020-08-08 00:00:00','fgh@test.com'),(337,1,37,2,25,14,1,2020,NULL,NULL,'2019-20',5,10,'\'\'','2020-02-08 00:00:00','2020-08-08 00:00:00','seniorteacher@test.com'),(338,1,38,3,26,15,2,2020,NULL,NULL,'2020-21',6,10,'\'\'','2020-03-10 00:00:00','2020-08-08 00:00:00','test@gmail.com'),(339,1,39,4,1,16,1,2020,NULL,NULL,'2019-20',8,10,'\'\'','2019-11-09 00:00:00','2020-08-08 00:00:00','test@test.com'),(340,1,40,5,2,17,2,2020,NULL,NULL,'2020-21',5,10,'\'\'','2020-01-11 00:00:00','2020-08-08 00:00:00','seniorteacher@test.com'),(341,1,41,1,3,1,1,2020,NULL,NULL,'2019-20',6,10,'\'\'','2019-10-25 00:00:00','2020-08-08 00:00:00','test@gmail.com'),(342,1,42,2,4,2,2,2020,NULL,NULL,'2020-21',6,10,'\'\'','2020-06-01 00:00:00','2020-08-08 00:00:00','test@test.com'),(343,1,43,3,5,3,1,2020,NULL,NULL,'2019-20',7,10,'\'\'','2019-10-21 00:00:00','2020-08-08 00:00:00','test@gmail.com'),(344,1,44,4,6,4,2,2020,NULL,NULL,'2020-21',5,10,'\'\'','2020-04-06 00:00:00','2020-08-08 00:00:00','test@gmail.com'),(345,1,45,5,7,5,1,2020,NULL,NULL,'2019-20',6,10,'\'\'','2020-02-01 00:00:00','2020-08-08 00:00:00','test@gmail.com'),(346,1,46,1,8,6,2,2020,NULL,NULL,'2020-21',5,10,'\'\'','2019-10-19 00:00:00','2020-08-08 00:00:00','prabhashanth@gmail.com'),(347,1,47,2,9,7,1,2020,NULL,NULL,'2019-20',8,10,'\'\'','2020-05-27 00:00:00','2020-08-08 00:00:00','test@test.com'),(348,1,48,3,10,8,2,2020,NULL,NULL,'2020-21',5,10,'\'\'','2020-05-14 00:00:00','2020-08-08 00:00:00','test@test.com'),(349,1,49,4,11,9,1,2020,NULL,NULL,'2019-20',8,10,'\'\'','2019-11-21 00:00:00','2020-08-08 00:00:00','prabhashanth@gmail.com'),(350,1,50,5,12,10,2,2020,NULL,NULL,'2020-21',5,10,'\'\'','2019-11-05 00:00:00','2020-08-08 00:00:00','test@test.com'),(351,1,51,1,13,11,1,2020,NULL,NULL,'2019-20',7,10,'\'\'','2020-06-27 00:00:00','2020-08-08 00:00:00','seniorteacher@test.com'),(352,1,52,2,14,12,2,2020,NULL,NULL,'2020-21',6,10,'\'\'','2019-12-02 00:00:00','2020-08-08 00:00:00','test@test.com'),(353,1,53,3,15,13,1,2020,NULL,NULL,'2019-20',5,10,'\'\'','2019-08-08 00:00:00','2020-08-08 00:00:00','test@gmail.com'),(354,1,54,4,16,14,2,2020,NULL,NULL,'2020-21',8,10,'\'\'','2020-03-06 00:00:00','2020-08-08 00:00:00','prabhashanth@gmail.com'),(355,1,55,5,17,15,1,2020,NULL,NULL,'2019-20',8,10,'\'\'','2020-01-21 00:00:00','2020-08-08 00:00:00','test@test.com'),(356,1,56,1,18,16,2,2020,NULL,NULL,'2020-21',8,10,'\'\'','2020-05-25 00:00:00','2020-08-08 00:00:00','test@test.com'),(357,1,57,2,19,17,1,2020,NULL,NULL,'2019-20',5,10,'\'\'','2019-10-22 00:00:00','2020-08-08 00:00:00','test@test.com'),(358,1,58,3,20,1,2,2020,NULL,NULL,'2020-21',5,10,'\'\'','2019-09-20 00:00:00','2020-08-08 00:00:00','prabhashanth@gmail.com'),(359,1,59,4,21,2,1,2020,NULL,NULL,'2019-20',5,10,'\'\'','2020-07-12 00:00:00','2020-08-08 00:00:00','prabhashanth@gmail.com'),(360,1,60,5,22,3,2,2020,NULL,NULL,'2020-21',9,10,'\'\'','2020-07-13 00:00:00','2020-08-08 00:00:00','seniorteacher@test.com'),(361,1,61,1,23,4,1,2020,NULL,NULL,'2019-20',5,10,'\'\'','2019-10-25 00:00:00','2020-08-08 00:00:00','fgh@test.com'),(362,1,62,2,24,5,2,2020,NULL,NULL,'2020-21',5,10,'\'\'','2020-06-09 00:00:00','2020-08-08 00:00:00','test@test.com'),(363,1,63,3,25,6,1,2020,NULL,NULL,'2019-20',8,10,'\'\'','2020-06-27 00:00:00','2020-08-08 00:00:00','prabhashanth@gmail.com'),(364,1,64,4,26,7,2,2020,NULL,NULL,'2020-21',6,10,'\'\'','2019-12-22 00:00:00','2020-08-08 00:00:00','test@test.com'),(365,1,65,5,1,8,1,2020,NULL,NULL,'2019-20',6,10,'\'\'','2020-02-15 00:00:00','2020-08-08 00:00:00','prabhashanth@gmail.com'),(366,1,66,1,2,9,2,2020,NULL,NULL,'2020-21',6,10,'\'\'','2019-12-31 00:00:00','2020-08-08 00:00:00','seniorteacher@test.com'),(367,1,67,2,3,10,1,2020,NULL,NULL,'2019-20',6,10,'\'\'','2019-10-13 00:00:00','2020-08-08 00:00:00','test@gmail.com'),(368,1,68,3,4,11,2,2020,NULL,NULL,'2020-21',5,10,'\'\'','2019-11-09 00:00:00','2020-08-08 00:00:00','prabhashanth@gmail.com'),(369,1,69,4,5,12,1,2020,NULL,NULL,'2019-20',9,10,'\'\'','2020-05-27 00:00:00','2020-08-08 00:00:00','test@test.com'),(370,1,70,5,6,13,2,2020,NULL,NULL,'2020-21',8,10,'\'\'','2020-06-30 00:00:00','2020-08-08 00:00:00','seniorteacher@test.com'),(371,1,71,1,7,14,1,2020,NULL,NULL,'2019-20',7,10,'\'\'','2019-10-04 00:00:00','2020-08-08 00:00:00','seniorteacher@test.com'),(372,1,72,2,8,15,2,2020,NULL,NULL,'2020-21',7,10,'\'\'','2020-06-20 00:00:00','2020-08-08 00:00:00','seniorteacher@test.com'),(373,1,73,3,9,16,1,2020,NULL,NULL,'2019-20',6,10,'\'\'','2019-11-04 00:00:00','2020-08-08 00:00:00','test@gmail.com'),(374,1,74,4,10,17,2,2020,NULL,NULL,'2020-21',5,10,'\'\'','2020-05-12 00:00:00','2020-08-08 00:00:00','fgh@test.com'),(375,1,75,5,11,1,1,2020,NULL,NULL,'2019-20',5,10,'\'\'','2020-04-26 00:00:00','2020-08-08 00:00:00','fgh@test.com'),(376,1,76,1,12,2,2,2020,NULL,NULL,'2020-21',7,10,'\'\'','2020-06-25 00:00:00','2020-08-08 00:00:00','test@gmail.com'),(377,1,77,2,13,3,1,2020,NULL,NULL,'2019-20',6,10,'\'\'','2019-08-14 00:00:00','2020-08-08 00:00:00','fgh@test.com'),(378,1,78,3,14,4,2,2020,NULL,NULL,'2020-21',7,10,'\'\'','2020-04-10 00:00:00','2020-08-08 00:00:00','fgh@test.com'),(379,1,79,4,15,5,1,2020,NULL,NULL,'2019-20',8,10,'\'\'','2019-11-25 00:00:00','2020-08-08 00:00:00','fgh@test.com'),(380,1,80,5,16,6,2,2020,NULL,NULL,'2020-21',6,10,'\'\'','2020-02-26 00:00:00','2020-08-08 00:00:00','fgh@test.com'),(381,1,81,1,17,7,1,2020,NULL,NULL,'2019-20',9,10,'\'\'','2019-10-05 00:00:00','2020-08-08 00:00:00','prabhashanth@gmail.com'),(382,1,82,2,18,8,2,2020,NULL,NULL,'2020-21',9,10,'\'\'','2020-06-18 00:00:00','2020-08-08 00:00:00','test@test.com'),(383,1,83,3,19,9,1,2020,NULL,NULL,'2019-20',8,10,'\'\'','2020-01-24 00:00:00','2020-08-08 00:00:00','test@test.com'),(384,1,84,4,20,10,2,2020,NULL,NULL,'2020-21',7,10,'\'\'','2019-11-02 00:00:00','2020-08-08 00:00:00','test@gmail.com'),(385,1,85,5,21,11,1,2020,NULL,NULL,'2019-20',5,10,'\'\'','2020-06-25 00:00:00','2020-08-08 00:00:00','seniorteacher@test.com'),(386,1,86,1,22,12,2,2020,NULL,NULL,'2020-21',7,10,'\'\'','2019-08-11 00:00:00','2020-08-08 00:00:00','seniorteacher@test.com'),(387,1,87,2,23,13,1,2020,NULL,NULL,'2019-20',9,10,'\'\'','2020-06-13 00:00:00','2020-08-08 00:00:00','seniorteacher@test.com'),(388,1,88,3,24,14,2,2020,NULL,NULL,'2020-21',6,10,'\'\'','2020-01-02 00:00:00','2020-08-08 00:00:00','test@gmail.com'),(389,1,89,4,25,15,1,2020,NULL,NULL,'2019-20',8,10,'\'\'','2020-01-02 00:00:00','2020-08-08 00:00:00','prabhashanth@gmail.com'),(390,1,90,5,26,16,2,2020,NULL,NULL,'2020-21',8,10,'\'\'','2020-06-18 00:00:00','2020-08-08 00:00:00','test@test.com'),(391,1,91,1,1,17,1,2020,NULL,NULL,'2019-20',9,10,'\'\'','2020-07-15 00:00:00','2020-08-08 00:00:00','fgh@test.com'),(392,1,92,2,2,1,2,2020,NULL,NULL,'2020-21',9,10,'\'\'','2020-06-18 00:00:00','2020-08-08 00:00:00','test@gmail.com'),(393,1,93,3,3,2,1,2020,NULL,NULL,'2019-20',6,10,'\'\'','2020-08-03 00:00:00','2020-08-08 00:00:00','test@test.com'),(394,1,94,4,4,3,2,2020,NULL,NULL,'2020-21',9,10,'\'\'','2020-02-14 00:00:00','2020-08-08 00:00:00','test@test.com'),(395,1,95,5,5,4,1,2020,5,5,'2019-20',7,10,'\'\'','2019-10-13 00:00:00','2020-08-08 00:00:00','seniorteacher@test.com'),(396,1,96,1,6,5,2,2020,NULL,NULL,'2020-21',7,10,'\'\'','2019-09-18 00:00:00','2020-08-08 00:00:00','test@test.com'),(397,1,97,2,7,6,1,2020,NULL,NULL,'2019-20',8,10,'\'\'','2020-04-19 00:00:00','2020-08-08 00:00:00','test@gmail.com'),(398,1,98,3,8,7,2,2020,NULL,NULL,'2020-21',5,10,'\'\'','2019-09-27 00:00:00','2020-08-08 00:00:00','fgh@test.com'),(399,1,99,4,9,8,1,2020,NULL,NULL,'2019-20',6,10,'\'\'','2019-12-18 00:00:00','2020-08-08 00:00:00','fgh@test.com'),(400,1,100,5,10,9,2,2020,NULL,NULL,'2020-21',6,10,'\'\'','2020-05-19 00:00:00','2020-08-08 00:00:00','fgh@test.com'),(401,1,101,1,11,10,1,2020,NULL,NULL,'2019-20',5,10,'\'\'','2020-08-06 00:00:00','2020-08-08 00:00:00','prabhashanth@gmail.com'),(402,1,102,2,12,11,2,2020,NULL,NULL,'2020-21',6,10,'\'\'','2019-10-30 00:00:00','2020-08-08 00:00:00','test@test.com'),(403,1,103,3,13,12,1,2020,NULL,NULL,'2019-20',5,10,'\'\'','2020-04-01 00:00:00','2020-08-08 00:00:00','seniorteacher@test.com'),(404,1,104,4,14,13,2,2020,NULL,NULL,'2020-21',8,10,'\'\'','2020-08-07 00:00:00','2020-08-08 00:00:00','test@test.com'),(405,1,105,5,15,14,1,2020,NULL,NULL,'2019-20',7,10,'\'\'','2020-06-18 00:00:00','2020-08-08 00:00:00','test@test.com'),(406,1,106,1,16,15,2,2020,NULL,NULL,'2020-21',8,10,'\'\'','2020-03-13 00:00:00','2020-08-08 00:00:00','fgh@test.com'),(407,1,107,2,17,16,1,2020,NULL,NULL,'2019-20',6,10,'\'\'','2019-08-10 00:00:00','2020-08-08 00:00:00','prabhashanth@gmail.com'),(408,1,108,3,18,17,2,2020,NULL,NULL,'2020-21',5,10,'\'\'','2020-03-27 00:00:00','2020-08-08 00:00:00','fgh@test.com'),(409,1,109,4,19,1,1,2020,NULL,NULL,'2019-20',8,10,'\'\'','2019-09-14 00:00:00','2020-08-08 00:00:00','seniorteacher@test.com'),(410,1,110,5,20,2,2,2020,NULL,NULL,'2020-21',6,10,'\'\'','2020-06-01 00:00:00','2020-08-08 00:00:00','test@test.com'),(411,1,111,1,21,3,1,2020,NULL,NULL,'2019-20',6,10,'\'\'','2020-07-15 00:00:00','2020-08-08 00:00:00','seniorteacher@test.com'),(412,1,112,2,22,4,2,2020,NULL,NULL,'2020-21',5,10,'\'\'','2019-08-31 00:00:00','2020-08-08 00:00:00','test@gmail.com'),(413,1,113,3,23,5,1,2020,NULL,NULL,'2019-20',8,10,'\'\'','2020-03-06 00:00:00','2020-08-08 00:00:00','test@test.com'),(414,1,114,4,24,6,2,2020,NULL,NULL,'2020-21',5,10,'\'\'','2020-04-30 00:00:00','2020-08-08 00:00:00','prabhashanth@gmail.com'),(415,1,115,5,25,7,1,2020,NULL,NULL,'2019-20',8,10,'\'\'','2020-04-07 00:00:00','2020-08-08 00:00:00','fgh@test.com'),(416,1,116,1,26,8,2,2020,NULL,NULL,'2020-21',9,10,'\'\'','2020-03-29 00:00:00','2020-08-08 00:00:00','prabhashanth@gmail.com'),(417,1,117,2,1,9,1,2020,NULL,NULL,'2019-20',5,10,'\'\'','2019-11-14 00:00:00','2020-08-08 00:00:00','fgh@test.com'),(418,1,118,3,2,10,2,2020,NULL,NULL,'2020-21',7,10,'\'\'','2020-03-06 00:00:00','2020-08-08 00:00:00','test@test.com'),(419,1,119,4,3,11,1,2020,NULL,NULL,'2019-20',5,10,'\'\'','2019-08-18 00:00:00','2020-08-08 00:00:00','fgh@test.com'),(420,1,120,5,4,12,2,2020,NULL,NULL,'2020-21',9,10,'\'\'','2019-08-17 00:00:00','2020-08-08 00:00:00','seniorteacher@test.com'),(421,1,121,1,5,13,1,2020,NULL,NULL,'2019-20',8,10,'\'\'','2020-02-08 00:00:00','2020-08-08 00:00:00','test@test.com'),(422,1,122,2,6,14,2,2020,NULL,NULL,'2020-21',5,10,'\'\'','2020-02-05 00:00:00','2020-08-08 00:00:00','prabhashanth@gmail.com'),(423,1,123,3,7,15,1,2020,NULL,NULL,'2019-20',5,10,'\'\'','2019-10-08 00:00:00','2020-08-08 00:00:00','test@test.com'),(424,1,124,4,8,16,2,2020,NULL,NULL,'2020-21',7,10,'\'\'','2019-08-09 00:00:00','2020-08-08 00:00:00','seniorteacher@test.com'),(425,1,125,5,9,17,1,2020,NULL,NULL,'2019-20',9,10,'\'\'','2019-08-26 00:00:00','2020-08-08 00:00:00','seniorteacher@test.com'),(426,1,126,1,10,1,2,2020,NULL,NULL,'2020-21',5,10,'\'\'','2020-03-06 00:00:00','2020-08-08 00:00:00','test@test.com'),(427,1,127,2,11,2,1,2020,NULL,NULL,'2019-20',5,10,'\'\'','2019-09-22 00:00:00','2020-08-08 00:00:00','fgh@test.com'),(428,1,128,3,12,3,2,2020,NULL,NULL,'2020-21',6,10,'\'\'','2020-07-30 00:00:00','2020-08-08 00:00:00','seniorteacher@test.com'),(429,1,129,4,13,4,1,2020,NULL,NULL,'2019-20',7,10,'\'\'','2020-02-12 00:00:00','2020-08-08 00:00:00','test@gmail.com'),(430,1,130,5,14,5,2,2020,NULL,NULL,'2020-21',6,10,'\'\'','2020-04-13 00:00:00','2020-08-08 00:00:00','test@test.com'),(431,1,131,1,15,6,1,2020,NULL,NULL,'2019-20',9,10,'\'\'','2020-03-22 00:00:00','2020-08-08 00:00:00','test@test.com'),(432,1,132,2,16,7,2,2020,NULL,NULL,'2020-21',6,10,'\'\'','2020-05-12 00:00:00','2020-08-08 00:00:00','test@gmail.com'),(433,1,133,3,17,8,1,2020,NULL,NULL,'2019-20',5,10,'\'\'','2019-12-20 00:00:00','2020-08-08 00:00:00','fgh@test.com'),(434,1,134,4,18,9,2,2020,NULL,NULL,'2020-21',7,10,'\'\'','2020-08-01 00:00:00','2020-08-08 00:00:00','seniorteacher@test.com'),(435,1,135,5,19,10,1,2020,NULL,NULL,'2019-20',8,10,'\'\'','2020-06-08 00:00:00','2020-08-08 00:00:00','seniorteacher@test.com'),(436,1,136,1,20,11,2,2020,NULL,NULL,'2020-21',7,10,'\'\'','2020-03-24 00:00:00','2020-08-08 00:00:00','seniorteacher@test.com'),(437,1,137,2,21,12,1,2020,NULL,NULL,'2019-20',9,10,'\'\'','2020-04-03 00:00:00','2020-08-08 00:00:00','test@test.com'),(438,1,138,3,22,13,2,2020,NULL,NULL,'2020-21',9,10,'\'\'','2020-08-06 00:00:00','2020-08-08 00:00:00','test@gmail.com'),(439,1,139,4,23,14,1,2020,NULL,NULL,'2019-20',8,10,'\'\'','2020-05-20 00:00:00','2020-08-08 00:00:00','seniorteacher@test.com'),(440,1,140,5,24,15,2,2020,NULL,NULL,'2020-21',6,10,'\'\'','2020-06-07 00:00:00','2020-08-08 00:00:00','test@gmail.com'),(441,1,141,1,25,16,1,2020,NULL,NULL,'2019-20',9,10,'\'\'','2020-04-11 00:00:00','2020-08-08 00:00:00','test@test.com'),(442,1,142,2,26,17,2,2020,NULL,NULL,'2020-21',5,10,'\'\'','2020-02-10 00:00:00','2020-08-08 00:00:00','seniorteacher@test.com'),(443,1,143,3,1,1,1,2020,NULL,NULL,'2019-20',7,10,'\'\'','2019-12-19 00:00:00','2020-08-08 00:00:00','prabhashanth@gmail.com'),(444,1,144,4,2,2,2,2020,6,6,'2020-21',5,10,'\'\'','2019-09-11 00:00:00','2020-08-08 00:00:00','seniorteacher@test.com'),(445,1,145,5,3,3,1,2020,NULL,NULL,'2019-20',9,10,'\'\'','2020-07-29 00:00:00','2020-08-08 00:00:00','test@gmail.com'),(446,1,146,1,4,4,2,2020,NULL,NULL,'2020-21',7,10,'\'\'','2020-05-16 00:00:00','2020-08-08 00:00:00','fgh@test.com'),(447,1,147,2,5,5,1,2020,NULL,NULL,'2019-20',6,10,'\'\'','2020-02-08 00:00:00','2020-08-08 00:00:00','test@gmail.com'),(448,1,148,3,6,6,2,2020,NULL,NULL,'2020-21',5,10,'\'\'','2019-12-31 00:00:00','2020-08-08 00:00:00','seniorteacher@test.com'),(449,1,149,4,7,7,1,2020,NULL,NULL,'2019-20',7,10,'\'\'','2020-06-18 00:00:00','2020-08-08 00:00:00','test@gmail.com'),(450,1,150,5,8,8,2,2020,NULL,NULL,'2020-21',5,10,'\'\'','2020-01-17 00:00:00','2020-08-08 00:00:00','test@gmail.com'),(451,1,151,1,9,9,1,2020,NULL,NULL,'2019-20',5,10,'\'\'','2019-09-08 00:00:00','2020-08-08 00:00:00','fgh@test.com'),(452,1,152,2,10,10,2,2020,NULL,NULL,'2020-21',7,10,'\'\'','2020-01-31 00:00:00','2020-08-08 00:00:00','test@test.com'),(453,1,153,3,11,11,1,2020,NULL,NULL,'2019-20',6,10,'\'\'','2020-08-04 00:00:00','2020-08-08 00:00:00','prabhashanth@gmail.com'),(454,1,154,4,12,12,2,2020,NULL,NULL,'2020-21',8,10,'\'\'','2019-10-29 00:00:00','2020-08-08 00:00:00','fgh@test.com'),(455,1,155,5,13,13,1,2020,NULL,NULL,'2019-20',9,10,'\'\'','2020-08-01 00:00:00','2020-08-08 00:00:00','test@gmail.com'),(456,1,156,1,14,14,2,2020,NULL,NULL,'2020-21',8,10,'\'\'','2019-10-15 00:00:00','2020-08-08 00:00:00','seniorteacher@test.com'),(457,1,157,2,15,15,1,2020,NULL,NULL,'2019-20',5,10,'\'\'','2019-11-13 00:00:00','2020-08-08 00:00:00','test@test.com'),(458,1,158,3,16,16,2,2020,NULL,NULL,'2020-21',8,10,'\'\'','2019-10-21 00:00:00','2020-08-08 00:00:00','prabhashanth@gmail.com'),(459,1,159,4,17,17,1,2020,NULL,NULL,'2019-20',5,10,'\'\'','2019-12-29 00:00:00','2020-08-08 00:00:00','test@gmail.com'),(460,1,160,5,18,1,2,2020,NULL,NULL,'2020-21',7,10,'\'\'','2020-07-25 00:00:00','2020-08-08 00:00:00','prabhashanth@gmail.com'),(461,1,161,1,19,2,1,2020,NULL,NULL,'2019-20',5,10,'\'\'','2019-08-11 00:00:00','2020-08-08 00:00:00','fgh@test.com'),(462,1,162,2,20,3,2,2020,NULL,NULL,'2020-21',6,10,'\'\'','2019-10-06 00:00:00','2020-08-08 00:00:00','prabhashanth@gmail.com'),(463,1,163,3,21,4,1,2020,NULL,NULL,'2019-20',8,10,'\'\'','2019-10-04 00:00:00','2020-08-08 00:00:00','prabhashanth@gmail.com'),(464,1,164,4,22,5,2,2020,NULL,NULL,'2020-21',7,10,'\'\'','2020-01-10 00:00:00','2020-08-08 00:00:00','fgh@test.com'),(465,1,165,5,23,6,1,2020,NULL,NULL,'2019-20',5,10,'\'\'','2019-08-23 00:00:00','2020-08-08 00:00:00','fgh@test.com'),(466,1,166,1,24,7,2,2020,NULL,NULL,'2020-21',7,10,'\'\'','2019-11-12 00:00:00','2020-08-08 00:00:00','seniorteacher@test.com'),(467,1,167,2,25,8,1,2020,NULL,NULL,'2019-20',5,10,'\'\'','2020-02-11 00:00:00','2020-08-08 00:00:00','seniorteacher@test.com'),(468,1,168,3,26,9,2,2020,NULL,NULL,'2020-21',6,10,'\'\'','2020-05-23 00:00:00','2020-08-08 00:00:00','seniorteacher@test.com'),(469,1,169,4,1,10,1,2020,NULL,NULL,'2019-20',6,10,'\'\'','2020-07-08 00:00:00','2020-08-08 00:00:00','test@test.com'),(470,1,170,5,2,11,2,2020,NULL,NULL,'2020-21',8,10,'\'\'','2020-07-24 00:00:00','2020-08-08 00:00:00','fgh@test.com'),(471,1,171,1,3,12,1,2020,NULL,NULL,'2019-20',8,10,'\'\'','2019-10-26 00:00:00','2020-08-08 00:00:00','prabhashanth@gmail.com'),(472,1,172,2,4,13,2,2020,NULL,NULL,'2020-21',8,10,'\'\'','2020-04-23 00:00:00','2020-08-08 00:00:00','fgh@test.com'),(473,1,173,3,5,14,1,2020,NULL,NULL,'2019-20',9,10,'\'\'','2019-08-20 00:00:00','2020-08-08 00:00:00','test@gmail.com'),(474,1,174,4,6,15,2,2020,NULL,NULL,'2020-21',6,10,'\'\'','2019-12-19 00:00:00','2020-08-08 00:00:00','test@gmail.com'),(475,1,175,5,7,16,1,2020,NULL,NULL,'2019-20',8,10,'\'\'','2020-04-08 00:00:00','2020-08-08 00:00:00','test@test.com'),(476,1,176,1,8,17,2,2020,NULL,NULL,'2020-21',9,10,'\'\'','2019-11-16 00:00:00','2020-08-08 00:00:00','seniorteacher@test.com'),(477,1,177,2,9,1,1,2020,NULL,NULL,'2019-20',7,10,'\'\'','2020-07-17 00:00:00','2020-08-08 00:00:00','fgh@test.com'),(478,1,178,3,10,2,2,2020,NULL,NULL,'2020-21',7,10,'\'\'','2020-06-21 00:00:00','2020-08-08 00:00:00','fgh@test.com'),(479,1,179,4,11,3,1,2020,NULL,NULL,'2019-20',8,10,'\'\'','2020-05-20 00:00:00','2020-08-08 00:00:00','seniorteacher@test.com'),(480,1,180,5,12,4,2,2020,NULL,NULL,'2020-21',6,10,'\'\'','2020-01-26 00:00:00','2020-08-08 00:00:00','seniorteacher@test.com'),(481,1,181,1,13,5,1,2020,NULL,NULL,'2019-20',6,10,'\'\'','2020-02-19 00:00:00','2020-08-08 00:00:00','test@test.com'),(482,1,182,2,14,6,2,2020,NULL,NULL,'2020-21',7,10,'\'\'','2020-06-19 00:00:00','2020-08-08 00:00:00','prabhashanth@gmail.com'),(483,1,183,3,15,7,1,2020,NULL,NULL,'2019-20',9,10,'\'\'','2020-05-29 00:00:00','2020-08-08 00:00:00','prabhashanth@gmail.com'),(484,1,184,4,16,8,2,2020,NULL,NULL,'2020-21',5,10,'\'\'','2020-01-24 00:00:00','2020-08-08 00:00:00','fgh@test.com'),(485,1,185,5,17,9,1,2020,NULL,NULL,'2019-20',9,10,'\'\'','2020-06-20 00:00:00','2020-08-08 00:00:00','test@gmail.com'),(486,1,186,1,18,10,2,2020,NULL,NULL,'2020-21',9,10,'\'\'','2019-09-17 00:00:00','2020-08-08 00:00:00','prabhashanth@gmail.com'),(487,1,187,2,19,11,1,2020,NULL,NULL,'2019-20',5,10,'\'\'','2020-04-16 00:00:00','2020-08-08 00:00:00','prabhashanth@gmail.com'),(488,1,188,3,20,12,2,2020,NULL,NULL,'2020-21',9,10,'\'\'','2020-06-01 00:00:00','2020-08-08 00:00:00','prabhashanth@gmail.com'),(489,1,189,4,21,13,1,2020,NULL,NULL,'2019-20',7,10,'\'\'','2019-09-24 00:00:00','2020-08-08 00:00:00','test@gmail.com'),(490,1,190,5,22,14,2,2020,NULL,NULL,'2020-21',8,10,'\'\'','2019-11-15 00:00:00','2020-08-08 00:00:00','test@test.com'),(491,1,191,1,23,15,1,2020,NULL,NULL,'2019-20',5,10,'\'\'','2020-06-15 00:00:00','2020-08-08 00:00:00','prabhashanth@gmail.com'),(492,1,192,2,24,16,2,2020,NULL,NULL,'2020-21',5,10,'\'\'','2020-06-12 00:00:00','2020-08-08 00:00:00','seniorteacher@test.com'),(493,1,193,3,25,17,1,2020,NULL,NULL,'2019-20',6,10,'\'\'','2019-12-29 00:00:00','2020-08-08 00:00:00','seniorteacher@test.com'),(494,1,194,4,26,1,2,2020,NULL,NULL,'2020-21',9,10,'\'\'','2020-07-23 00:00:00','2020-08-08 00:00:00','prabhashanth@gmail.com'),(495,1,195,5,1,2,1,2020,NULL,NULL,'2019-20',9,10,'\'\'','2020-04-06 00:00:00','2020-08-08 00:00:00','test@gmail.com'),(496,1,196,1,2,3,2,2020,NULL,NULL,'2020-21',9,10,'\'\'','2020-01-13 00:00:00','2020-08-08 00:00:00','test@gmail.com'),(497,1,197,2,3,4,1,2020,NULL,NULL,'2019-20',6,10,'\'\'','2020-04-02 00:00:00','2020-08-08 00:00:00','test@test.com'),(498,1,198,3,4,5,2,2020,NULL,NULL,'2020-21',9,10,'\'\'','2020-01-19 00:00:00','2020-08-08 00:00:00','fgh@test.com'),(499,1,199,4,5,6,1,2020,NULL,NULL,'2019-20',6,10,'\'\'','2019-11-14 00:00:00','2020-08-08 00:00:00','seniorteacher@test.com'),(500,1,200,5,6,7,2,2020,NULL,NULL,'2020-21',7,10,'\'\'','2020-07-03 00:00:00','2020-08-08 00:00:00','prabhashanth@gmail.com'),(501,1,201,1,7,8,1,2020,NULL,NULL,'2019-20',9,10,'\'\'','2019-11-17 00:00:00','2020-08-08 00:00:00','test@test.com'),(502,1,202,2,8,9,2,2020,NULL,NULL,'2020-21',5,10,'\'\'','2019-09-06 00:00:00','2020-08-08 00:00:00','fgh@test.com'),(503,1,203,3,9,10,1,2020,NULL,NULL,'2019-20',7,10,'\'\'','2019-12-01 00:00:00','2020-08-08 00:00:00','seniorteacher@test.com'),(504,1,204,4,10,11,2,2020,NULL,NULL,'2020-21',8,10,'\'\'','2019-09-03 00:00:00','2020-08-08 00:00:00','test@gmail.com'),(505,1,205,5,11,12,1,2020,NULL,NULL,'2019-20',8,10,'\'\'','2019-08-10 00:00:00','2020-08-08 00:00:00','prabhashanth@gmail.com'),(506,1,206,1,12,13,2,2020,NULL,NULL,'2020-21',6,10,'\'\'','2020-03-11 00:00:00','2020-08-08 00:00:00','test@gmail.com'),(507,1,207,2,13,14,1,2020,NULL,NULL,'2019-20',6,10,'\'\'','2019-08-28 00:00:00','2020-08-08 00:00:00','fgh@test.com'),(508,1,208,3,14,15,2,2020,NULL,NULL,'2020-21',9,10,'\'\'','2020-08-07 00:00:00','2020-08-08 00:00:00','seniorteacher@test.com'),(509,1,209,4,15,16,1,2020,NULL,NULL,'2019-20',8,10,'\'\'','2020-04-22 00:00:00','2020-08-08 00:00:00','test@test.com'),(510,1,210,5,16,17,2,2020,NULL,NULL,'2020-21',8,10,'\'\'','2020-08-02 00:00:00','2020-08-08 00:00:00','fgh@test.com'),(511,1,211,1,17,1,1,2020,NULL,NULL,'2019-20',7,10,'\'\'','2019-11-20 00:00:00','2020-08-08 00:00:00','fgh@test.com'),(512,1,212,2,18,2,2,2020,NULL,NULL,'2020-21',9,10,'\'\'','2019-08-20 00:00:00','2020-08-08 00:00:00','prabhashanth@gmail.com'),(513,1,213,3,19,3,1,2020,NULL,NULL,'2019-20',9,10,'\'\'','2020-03-25 00:00:00','2020-08-08 00:00:00','test@gmail.com'),(514,1,214,4,20,4,2,2020,NULL,NULL,'2020-21',9,10,'\'\'','2020-06-18 00:00:00','2020-08-08 00:00:00','test@gmail.com'),(515,1,215,5,21,5,1,2020,NULL,NULL,'2019-20',5,10,'\'\'','2019-10-03 00:00:00','2020-08-08 00:00:00','prabhashanth@gmail.com'),(516,1,216,1,22,6,2,2020,NULL,NULL,'2020-21',5,10,'\'\'','2020-05-30 00:00:00','2020-08-08 00:00:00','seniorteacher@test.com'),(517,1,217,2,23,7,1,2020,NULL,NULL,'2019-20',8,10,'\'\'','2020-05-06 00:00:00','2020-08-08 00:00:00','test@gmail.com'),(518,1,218,3,24,8,2,2020,NULL,NULL,'2020-21',5,10,'\'\'','2020-04-10 00:00:00','2020-08-08 00:00:00','test@gmail.com'),(519,1,219,4,25,9,1,2020,NULL,NULL,'2019-20',9,10,'\'\'','2020-05-08 00:00:00','2020-08-08 00:00:00','fgh@test.com'),(520,1,220,5,26,10,2,2020,NULL,NULL,'2020-21',6,10,'\'\'','2020-05-18 00:00:00','2020-08-08 00:00:00','test@gmail.com'),(521,1,221,1,1,11,1,2020,NULL,NULL,'2019-20',7,10,'\'\'','2019-11-04 00:00:00','2020-08-08 00:00:00','prabhashanth@gmail.com'),(522,1,222,2,2,12,2,2020,NULL,NULL,'2020-21',8,10,'\'\'','2020-05-24 00:00:00','2020-08-08 00:00:00','prabhashanth@gmail.com'),(523,1,223,3,3,13,1,2020,NULL,NULL,'2019-20',9,10,'\'\'','2019-12-20 00:00:00','2020-08-08 00:00:00','test@gmail.com'),(524,1,224,4,4,14,2,2020,NULL,NULL,'2020-21',6,10,'\'\'','2020-04-27 00:00:00','2020-08-08 00:00:00','test@test.com'),(525,1,225,5,5,15,1,2020,NULL,NULL,'2019-20',7,10,'\'\'','2020-01-18 00:00:00','2020-08-08 00:00:00','test@gmail.com'),(526,1,226,1,6,16,2,2020,NULL,NULL,'2020-21',6,10,'\'\'','2019-08-19 00:00:00','2020-08-08 00:00:00','test@test.com'),(527,1,227,2,7,17,1,2020,NULL,NULL,'2019-20',7,10,'\'\'','2019-11-11 00:00:00','2020-08-08 00:00:00','test@test.com'),(528,1,228,3,8,1,2,2020,NULL,NULL,'2020-21',9,10,'\'\'','2020-02-28 00:00:00','2020-08-08 00:00:00','test@gmail.com'),(529,1,229,4,9,2,1,2020,NULL,NULL,'2019-20',8,10,'\'\'','2020-07-09 00:00:00','2020-08-08 00:00:00','test@test.com'),(530,1,230,5,10,3,2,2020,NULL,NULL,'2020-21',5,10,'\'\'','2020-04-06 00:00:00','2020-08-08 00:00:00','seniorteacher@test.com'),(531,1,231,1,11,4,1,2020,NULL,NULL,'2019-20',6,10,'\'\'','2020-07-01 00:00:00','2020-08-08 00:00:00','test@test.com'),(532,1,232,2,12,5,2,2020,NULL,NULL,'2020-21',8,10,'\'\'','2019-08-24 00:00:00','2020-08-08 00:00:00','prabhashanth@gmail.com'),(533,1,233,3,13,6,1,2020,NULL,NULL,'2019-20',8,10,'\'\'','2019-08-10 00:00:00','2020-08-08 00:00:00','seniorteacher@test.com'),(534,1,234,4,14,7,2,2020,NULL,NULL,'2020-21',9,10,'\'\'','2020-06-07 00:00:00','2020-08-08 00:00:00','prabhashanth@gmail.com'),(535,1,235,5,15,8,1,2020,NULL,NULL,'2019-20',9,10,'\'\'','2020-06-19 00:00:00','2020-08-08 00:00:00','seniorteacher@test.com'),(536,1,236,1,16,9,2,2020,NULL,NULL,'2020-21',9,10,'\'\'','2019-12-02 00:00:00','2020-08-08 00:00:00','test@gmail.com'),(537,1,237,2,17,10,1,2020,NULL,NULL,'2019-20',6,10,'\'\'','2019-11-11 00:00:00','2020-08-08 00:00:00','test@gmail.com'),(538,1,238,3,18,11,2,2020,NULL,NULL,'2020-21',5,10,'\'\'','2020-07-15 00:00:00','2020-08-08 00:00:00','test@test.com'),(539,1,239,4,19,12,1,2020,NULL,NULL,'2019-20',5,10,'\'\'','2020-01-25 00:00:00','2020-08-08 00:00:00','seniorteacher@test.com'),(540,1,240,5,20,13,2,2020,NULL,NULL,'2020-21',5,10,'\'\'','2020-06-27 00:00:00','2020-08-08 00:00:00','test@test.com'),(541,1,241,1,21,14,1,2020,NULL,NULL,'2019-20',6,10,'\'\'','2019-10-11 00:00:00','2020-08-08 00:00:00','seniorteacher@test.com'),(542,1,242,2,22,15,2,2020,NULL,NULL,'2020-21',6,10,'\'\'','2019-12-20 00:00:00','2020-08-08 00:00:00','test@test.com'),(543,1,243,3,23,16,1,2020,NULL,NULL,'2019-20',9,10,'\'\'','2020-04-02 00:00:00','2020-08-08 00:00:00','fgh@test.com'),(544,1,244,4,24,17,2,2020,NULL,NULL,'2020-21',9,10,'\'\'','2020-07-17 00:00:00','2020-08-08 00:00:00','prabhashanth@gmail.com'),(545,1,245,5,25,1,1,2020,NULL,NULL,'2019-20',9,10,'\'\'','2019-09-08 00:00:00','2020-08-08 00:00:00','seniorteacher@test.com'),(546,1,246,1,26,2,2,2020,6,6,'2020-21',5,10,'\'\'','2019-12-26 00:00:00','2020-08-08 00:00:00','seniorteacher@test.com'),(547,1,247,2,1,3,1,2020,NULL,NULL,'2019-20',7,10,'\'\'','2020-05-22 00:00:00','2020-08-08 00:00:00','test@gmail.com'),(548,1,248,3,2,4,2,2020,NULL,NULL,'2020-21',6,10,'\'\'','2020-06-29 00:00:00','2020-08-08 00:00:00','test@test.com'),(549,1,249,4,3,5,1,2020,NULL,NULL,'2019-20',8,10,'\'\'','2020-05-12 00:00:00','2020-08-08 00:00:00','fgh@test.com'),(550,1,250,5,4,6,2,2020,NULL,NULL,'2020-21',8,10,'\'\'','2020-05-24 00:00:00','2020-08-08 00:00:00','seniorteacher@test.com'),(551,1,251,1,5,7,1,2020,NULL,NULL,'2019-20',8,10,'\'\'','2019-09-09 00:00:00','2020-08-08 00:00:00','prabhashanth@gmail.com'),(552,1,252,2,6,8,2,2020,NULL,NULL,'2020-21',8,10,'\'\'','2019-10-14 00:00:00','2020-08-08 00:00:00','test@gmail.com'),(553,1,253,3,7,9,1,2020,NULL,NULL,'2019-20',8,10,'\'\'','2020-07-23 00:00:00','2020-08-08 00:00:00','fgh@test.com'),(554,1,254,4,8,10,2,2020,NULL,NULL,'2020-21',8,10,'\'\'','2019-12-15 00:00:00','2020-08-08 00:00:00','fgh@test.com'),(555,1,255,5,9,11,1,2020,NULL,NULL,'2019-20',6,10,'\'\'','2019-09-08 00:00:00','2020-08-08 00:00:00','fgh@test.com'),(556,1,256,1,10,12,2,2020,NULL,NULL,'2020-21',5,10,'\'\'','2020-01-10 00:00:00','2020-08-08 00:00:00','fgh@test.com'),(557,1,257,2,11,13,1,2020,NULL,NULL,'2019-20',7,10,'\'\'','2020-05-31 00:00:00','2020-08-08 00:00:00','test@test.com'),(558,1,258,3,12,14,2,2020,NULL,NULL,'2020-21',7,10,'\'\'','2019-09-21 00:00:00','2020-08-08 00:00:00','prabhashanth@gmail.com'),(559,1,259,4,13,15,1,2020,NULL,NULL,'2019-20',9,10,'\'\'','2019-11-26 00:00:00','2020-08-08 00:00:00','prabhashanth@gmail.com'),(560,1,260,5,14,16,2,2020,NULL,NULL,'2020-21',8,10,'\'\'','2020-06-06 00:00:00','2020-08-08 00:00:00','fgh@test.com'),(561,1,261,1,15,17,1,2020,NULL,NULL,'2019-20',6,10,'\'\'','2019-09-15 00:00:00','2020-08-08 00:00:00','test@test.com'),(562,1,262,2,16,1,2,2020,NULL,NULL,'2020-21',8,10,'\'\'','2019-12-28 00:00:00','2020-08-08 00:00:00','seniorteacher@test.com'),(563,1,263,3,17,2,1,2020,NULL,NULL,'2019-20',8,10,'\'\'','2020-06-15 00:00:00','2020-08-08 00:00:00','seniorteacher@test.com'),(564,1,264,4,18,3,2,2020,NULL,NULL,'2020-21',6,10,'\'\'','2020-01-29 00:00:00','2020-08-08 00:00:00','test@gmail.com'),(565,1,265,5,19,4,1,2020,NULL,NULL,'2019-20',9,10,'\'\'','2020-01-25 00:00:00','2020-08-08 00:00:00','seniorteacher@test.com'),(566,1,266,1,20,5,2,2020,NULL,NULL,'2020-21',9,10,'\'\'','2020-02-12 00:00:00','2020-08-08 00:00:00','seniorteacher@test.com'),(567,1,267,2,21,6,1,2020,NULL,NULL,'2019-20',7,10,'\'\'','2020-04-01 00:00:00','2020-08-08 00:00:00','fgh@test.com'),(568,1,268,3,22,7,2,2020,NULL,NULL,'2020-21',7,10,'\'\'','2020-03-21 00:00:00','2020-08-08 00:00:00','seniorteacher@test.com'),(569,1,269,4,23,8,1,2020,NULL,NULL,'2019-20',8,10,'\'\'','2020-06-14 00:00:00','2020-08-08 00:00:00','test@test.com'),(570,1,270,5,24,9,2,2020,NULL,NULL,'2020-21',6,10,'\'\'','2020-05-22 00:00:00','2020-08-08 00:00:00','test@test.com'),(571,1,271,1,25,10,1,2020,NULL,NULL,'2019-20',8,10,'\'\'','2019-09-04 00:00:00','2020-08-08 00:00:00','test@gmail.com'),(572,1,272,2,26,11,2,2020,NULL,NULL,'2020-21',5,10,'\'\'','2019-10-30 00:00:00','2020-08-08 00:00:00','seniorteacher@test.com'),(573,1,273,3,1,12,1,2020,NULL,NULL,'2019-20',7,10,'\'\'','2019-12-05 00:00:00','2020-08-08 00:00:00','fgh@test.com'),(574,1,274,4,2,13,2,2020,NULL,NULL,'2020-21',9,10,'\'\'','2019-10-28 00:00:00','2020-08-08 00:00:00','test@test.com'),(575,1,275,5,3,14,1,2020,NULL,NULL,'2019-20',7,10,'\'\'','2019-12-15 00:00:00','2020-08-08 00:00:00','test@gmail.com'),(576,1,276,1,4,15,2,2020,NULL,NULL,'2020-21',9,10,'\'\'','2020-04-24 00:00:00','2020-08-08 00:00:00','test@gmail.com'),(577,1,277,2,5,16,1,2020,NULL,NULL,'2019-20',7,10,'\'\'','2020-07-20 00:00:00','2020-08-08 00:00:00','seniorteacher@test.com'),(578,1,278,3,6,17,2,2020,2,2,'2020-21',9,10,'\'\'','2019-10-01 00:00:00','2020-08-08 00:00:00','test@gmail.com'),(579,1,279,4,7,1,1,2020,NULL,NULL,'2019-20',6,10,'\'\'','2020-07-10 00:00:00','2020-08-08 00:00:00','test@gmail.com'),(580,1,280,5,8,2,2,2020,NULL,NULL,'2020-21',8,10,'\'\'','2020-07-29 00:00:00','2020-08-08 00:00:00','fgh@test.com'),(581,1,281,1,9,3,1,2020,NULL,NULL,'2019-20',8,10,'\'\'','2019-09-20 00:00:00','2020-08-08 00:00:00','test@gmail.com'),(582,1,282,2,10,4,2,2020,NULL,NULL,'2020-21',6,10,'\'\'','2019-08-26 00:00:00','2020-08-08 00:00:00','prabhashanth@gmail.com'),(583,1,283,3,11,5,1,2020,NULL,NULL,'2019-20',5,10,'\'\'','2020-04-06 00:00:00','2020-08-08 00:00:00','test@gmail.com'),(584,1,284,4,12,6,2,2020,NULL,NULL,'2020-21',5,10,'\'\'','2020-02-23 00:00:00','2020-08-08 00:00:00','test@test.com'),(585,1,285,5,13,7,1,2020,NULL,NULL,'2019-20',6,10,'\'\'','2020-04-22 00:00:00','2020-08-08 00:00:00','test@test.com'),(586,1,286,1,14,8,2,2020,NULL,NULL,'2020-21',8,10,'\'\'','2019-08-09 00:00:00','2020-08-08 00:00:00','prabhashanth@gmail.com'),(587,1,287,2,15,9,1,2020,NULL,NULL,'2019-20',6,10,'\'\'','2020-06-22 00:00:00','2020-08-08 00:00:00','fgh@test.com'),(588,1,288,3,16,10,2,2020,NULL,NULL,'2020-21',6,10,'\'\'','2019-11-03 00:00:00','2020-08-08 00:00:00','test@test.com'),(589,1,289,4,17,11,1,2020,NULL,NULL,'2019-20',8,10,'\'\'','2019-12-27 00:00:00','2020-08-08 00:00:00','seniorteacher@test.com'),(590,1,290,5,18,12,2,2020,NULL,NULL,'2020-21',7,10,'\'\'','2020-05-22 00:00:00','2020-08-08 00:00:00','prabhashanth@gmail.com'),(591,1,291,1,19,13,1,2020,NULL,NULL,'2019-20',5,10,'\'\'','2020-07-18 00:00:00','2020-08-08 00:00:00','test@test.com'),(592,1,292,2,20,14,2,2020,NULL,NULL,'2020-21',9,10,'\'\'','2019-08-29 00:00:00','2020-08-08 00:00:00','fgh@test.com'),(593,1,293,3,21,15,1,2020,NULL,NULL,'2019-20',9,10,'\'\'','2020-06-25 00:00:00','2020-08-08 00:00:00','prabhashanth@gmail.com'),(594,1,294,4,22,16,2,2020,NULL,NULL,'2020-21',7,10,'\'\'','2020-04-04 00:00:00','2020-08-08 00:00:00','fgh@test.com'),(595,1,295,5,23,17,1,2020,NULL,NULL,'2019-20',9,10,'\'\'','2020-02-21 00:00:00','2020-08-08 00:00:00','seniorteacher@test.com'),(596,1,296,1,24,1,2,2020,NULL,NULL,'2020-21',8,10,'\'\'','2019-12-15 00:00:00','2020-08-08 00:00:00','seniorteacher@test.com'),(597,1,297,2,25,2,1,2020,NULL,NULL,'2019-20',9,10,'\'\'','2020-02-29 00:00:00','2020-08-08 00:00:00','test@gmail.com'),(598,1,298,3,26,3,2,2020,NULL,NULL,'2020-21',8,10,'\'\'','2019-11-10 00:00:00','2020-08-08 00:00:00','fgh@test.com'),(599,1,299,4,1,4,1,2020,NULL,NULL,'2019-20',6,10,'\'\'','2019-08-12 00:00:00','2020-08-08 00:00:00','test@test.com'),(600,1,300,5,2,5,2,2020,NULL,NULL,'2020-21',5,10,'\'\'','2020-02-16 00:00:00','2020-08-08 00:00:00','fgh@test.com'),(601,1,1,1,3,6,1,2020,NULL,NULL,'2019-20',6,10,'\'\'','2019-11-24 00:00:00','2020-08-08 00:00:00','test@gmail.com'),(602,1,2,2,4,7,2,2020,NULL,NULL,'2020-21',6,10,'\'\'','2020-05-13 00:00:00','2020-08-08 00:00:00','seniorteacher@test.com'),(603,1,3,3,5,8,1,2020,NULL,NULL,'2019-20',8,10,'\'\'','2020-01-16 00:00:00','2020-08-08 00:00:00','test@gmail.com'),(604,1,4,4,6,9,2,2020,NULL,NULL,'2020-21',5,10,'\'\'','2020-04-21 00:00:00','2020-08-08 00:00:00','test@test.com'),(605,1,5,5,7,10,1,2020,NULL,NULL,'2019-20',6,10,'\'\'','2019-10-24 00:00:00','2020-08-08 00:00:00','test@gmail.com'),(606,1,6,1,8,11,2,2020,NULL,NULL,'2020-21',9,10,'\'\'','2019-10-29 00:00:00','2020-08-08 00:00:00','prabhashanth@gmail.com'),(607,1,7,2,9,12,1,2020,NULL,NULL,'2019-20',6,10,'\'\'','2019-09-25 00:00:00','2020-08-08 00:00:00','seniorteacher@test.com'),(608,1,8,3,10,13,2,2020,NULL,NULL,'2020-21',8,10,'\'\'','2019-08-24 00:00:00','2020-08-08 00:00:00','test@test.com'),(609,1,9,4,11,14,1,2020,NULL,NULL,'2019-20',8,10,'\'\'','2020-04-25 00:00:00','2020-08-08 00:00:00','prabhashanth@gmail.com'),(610,1,10,5,12,15,2,2020,NULL,NULL,'2020-21',5,10,'\'\'','2019-11-03 00:00:00','2020-08-08 00:00:00','prabhashanth@gmail.com'),(611,1,11,1,13,16,1,2020,NULL,NULL,'2019-20',6,10,'\'\'','2019-08-12 00:00:00','2020-08-08 00:00:00','test@test.com'),(612,1,12,2,14,17,2,2020,NULL,NULL,'2020-21',5,10,'\'\'','2020-06-04 00:00:00','2020-08-08 00:00:00','test@test.com'),(613,1,13,3,15,1,1,2020,NULL,NULL,'2019-20',8,10,'\'\'','2020-01-20 00:00:00','2020-08-08 00:00:00','test@gmail.com'),(614,1,14,4,16,2,2,2020,NULL,NULL,'2020-21',6,10,'\'\'','2020-07-26 00:00:00','2020-08-08 00:00:00','fgh@test.com'),(615,1,15,5,17,3,1,2020,NULL,NULL,'2019-20',5,10,'\'\'','2020-07-22 00:00:00','2020-08-08 00:00:00','test@gmail.com'),(616,1,16,1,18,4,2,2020,NULL,NULL,'2020-21',9,10,'\'\'','2019-08-18 00:00:00','2020-08-08 00:00:00','test@gmail.com'),(617,1,17,2,19,5,1,2020,NULL,NULL,'2019-20',8,10,'\'\'','2020-08-02 00:00:00','2020-08-08 00:00:00','seniorteacher@test.com'),(618,1,18,3,20,6,2,2020,NULL,NULL,'2020-21',9,10,'\'\'','2020-05-12 00:00:00','2020-08-08 00:00:00','prabhashanth@gmail.com'),(619,1,19,4,21,7,1,2020,NULL,NULL,'2019-20',6,10,'\'\'','2019-10-20 00:00:00','2020-08-08 00:00:00','test@test.com'),(620,1,20,5,22,8,2,2020,NULL,NULL,'2020-21',7,10,'\'\'','2020-05-13 00:00:00','2020-08-08 00:00:00','test@test.com'),(621,1,21,1,23,9,1,2020,NULL,NULL,'2019-20',5,10,'\'\'','2019-11-30 00:00:00','2020-08-08 00:00:00','prabhashanth@gmail.com'),(622,1,22,2,24,10,2,2020,NULL,NULL,'2020-21',6,10,'\'\'','2020-01-26 00:00:00','2020-08-08 00:00:00','seniorteacher@test.com'),(623,1,23,3,25,11,1,2020,NULL,NULL,'2019-20',7,10,'\'\'','2019-08-25 00:00:00','2020-08-08 00:00:00','seniorteacher@test.com'),(624,1,24,4,26,12,2,2020,NULL,NULL,'2020-21',5,10,'\'\'','2020-04-26 00:00:00','2020-08-08 00:00:00','test@test.com'),(625,1,25,5,1,13,1,2020,NULL,NULL,'2019-20',9,10,'\'\'','2019-08-26 00:00:00','2020-08-08 00:00:00','fgh@test.com'),(626,1,26,1,2,14,2,2020,NULL,NULL,'2020-21',6,10,'\'\'','2020-04-04 00:00:00','2020-08-08 00:00:00','test@test.com'),(627,1,27,2,3,15,1,2020,NULL,NULL,'2019-20',6,10,'\'\'','2019-08-12 00:00:00','2020-08-08 00:00:00','test@test.com'),(628,1,28,3,4,16,2,2020,NULL,NULL,'2020-21',5,10,'\'\'','2020-07-15 00:00:00','2020-08-08 00:00:00','seniorteacher@test.com'),(629,1,29,4,5,17,1,2020,NULL,NULL,'2019-20',6,10,'\'\'','2019-10-25 00:00:00','2020-08-08 00:00:00','prabhashanth@gmail.com'),(630,1,30,5,6,1,2,2020,NULL,NULL,'2020-21',6,10,'\'\'','2019-08-30 00:00:00','2020-08-08 00:00:00','seniorteacher@test.com'),(631,1,31,1,7,2,1,2020,NULL,NULL,'2019-20',8,10,'\'\'','2019-10-13 00:00:00','2020-08-08 00:00:00','seniorteacher@test.com'),(632,1,32,2,8,3,2,2020,NULL,NULL,'2020-21',8,10,'\'\'','2020-02-11 00:00:00','2020-08-08 00:00:00','seniorteacher@test.com'),(633,1,33,3,9,4,1,2020,NULL,NULL,'2019-20',5,10,'\'\'','2020-04-29 00:00:00','2020-08-08 00:00:00','prabhashanth@gmail.com'),(634,1,34,4,10,5,2,2020,NULL,NULL,'2020-21',8,10,'\'\'','2020-02-18 00:00:00','2020-08-08 00:00:00','test@gmail.com'),(635,1,35,5,11,6,1,2020,NULL,NULL,'2019-20',9,10,'\'\'','2020-02-04 00:00:00','2020-08-08 00:00:00','seniorteacher@test.com'),(636,1,36,1,12,7,2,2020,NULL,NULL,'2020-21',5,10,'\'\'','2020-07-13 00:00:00','2020-08-08 00:00:00','test@gmail.com'),(637,1,37,2,13,8,1,2020,NULL,NULL,'2019-20',5,10,'\'\'','2019-08-25 00:00:00','2020-08-08 00:00:00','test@test.com'),(638,1,38,3,14,9,2,2020,NULL,NULL,'2020-21',8,10,'\'\'','2020-07-23 00:00:00','2020-08-08 00:00:00','prabhashanth@gmail.com'),(639,1,39,4,15,10,1,2020,NULL,NULL,'2019-20',9,10,'\'\'','2020-07-15 00:00:00','2020-08-08 00:00:00','prabhashanth@gmail.com'),(640,1,40,5,16,11,2,2020,NULL,NULL,'2020-21',6,10,'\'\'','2019-10-15 00:00:00','2020-08-08 00:00:00','fgh@test.com'),(641,1,41,1,17,12,1,2020,NULL,NULL,'2019-20',5,10,'\'\'','2020-03-03 00:00:00','2020-08-08 00:00:00','prabhashanth@gmail.com'),(642,1,42,2,18,13,2,2020,NULL,NULL,'2020-21',9,10,'\'\'','2020-02-04 00:00:00','2020-08-08 00:00:00','fgh@test.com'),(643,1,43,3,19,14,1,2020,NULL,NULL,'2019-20',6,10,'\'\'','2019-10-25 00:00:00','2020-08-08 00:00:00','fgh@test.com'),(644,1,44,4,20,15,2,2020,NULL,NULL,'2020-21',9,10,'\'\'','2019-12-03 00:00:00','2020-08-08 00:00:00','test@gmail.com'),(645,1,45,5,21,16,1,2020,NULL,NULL,'2019-20',7,10,'\'\'','2019-12-29 00:00:00','2020-08-08 00:00:00','test@test.com'),(646,1,46,1,22,17,2,2020,NULL,NULL,'2020-21',8,10,'\'\'','2020-03-21 00:00:00','2020-08-08 00:00:00','prabhashanth@gmail.com'),(647,1,47,2,23,1,1,2020,NULL,NULL,'2019-20',6,10,'\'\'','2020-03-28 00:00:00','2020-08-08 00:00:00','test@test.com'),(648,1,48,3,24,2,2,2020,NULL,NULL,'2020-21',7,10,'\'\'','2019-10-05 00:00:00','2020-08-08 00:00:00','prabhashanth@gmail.com'),(649,1,49,4,25,3,1,2020,NULL,NULL,'2019-20',8,10,'\'\'','2020-06-14 00:00:00','2020-08-08 00:00:00','test@test.com'),(650,1,50,5,26,4,2,2020,NULL,NULL,'2020-21',9,10,'\'\'','2019-12-08 00:00:00','2020-08-08 00:00:00','test@test.com'),(651,1,51,1,1,5,1,2020,NULL,NULL,'2019-20',6,10,'\'\'','2020-01-24 00:00:00','2020-08-08 00:00:00','fgh@test.com'),(652,1,52,2,2,6,2,2020,NULL,NULL,'2020-21',6,10,'\'\'','2020-03-28 00:00:00','2020-08-08 00:00:00','test@test.com'),(653,1,53,3,3,7,1,2020,NULL,NULL,'2019-20',6,10,'\'\'','2020-03-11 00:00:00','2020-08-08 00:00:00','test@test.com'),(654,1,54,4,4,8,2,2020,NULL,NULL,'2020-21',5,10,'\'\'','2020-07-05 00:00:00','2020-08-08 00:00:00','prabhashanth@gmail.com'),(655,1,55,5,5,9,1,2020,NULL,NULL,'2019-20',7,10,'\'\'','2020-06-04 00:00:00','2020-08-08 00:00:00','fgh@test.com'),(656,1,56,1,6,10,2,2020,NULL,NULL,'2020-21',7,10,'\'\'','2020-07-03 00:00:00','2020-08-08 00:00:00','test@test.com'),(657,1,57,2,7,11,1,2020,NULL,NULL,'2019-20',7,10,'\'\'','2020-02-20 00:00:00','2020-08-08 00:00:00','fgh@test.com'),(658,1,58,3,8,12,2,2020,NULL,NULL,'2020-21',9,10,'\'\'','2019-09-27 00:00:00','2020-08-08 00:00:00','test@test.com'),(659,1,59,4,9,13,1,2020,NULL,NULL,'2019-20',8,10,'\'\'','2020-04-03 00:00:00','2020-08-08 00:00:00','fgh@test.com'),(660,1,60,5,10,14,2,2020,NULL,NULL,'2020-21',9,10,'\'\'','2020-04-23 00:00:00','2020-08-08 00:00:00','test@test.com'),(661,1,61,1,11,15,1,2020,NULL,NULL,'2019-20',8,10,'\'\'','2020-01-05 00:00:00','2020-08-08 00:00:00','fgh@test.com'),(662,1,62,2,12,16,2,2020,NULL,NULL,'2020-21',5,10,'\'\'','2020-07-20 00:00:00','2020-08-08 00:00:00','seniorteacher@test.com'),(663,1,63,3,13,17,1,2020,NULL,NULL,'2019-20',5,10,'\'\'','2020-03-31 00:00:00','2020-08-08 00:00:00','seniorteacher@test.com'),(664,1,64,4,14,1,2,2020,NULL,NULL,'2020-21',6,10,'\'\'','2019-11-17 00:00:00','2020-08-08 00:00:00','fgh@test.com'),(665,1,65,5,15,2,1,2020,NULL,NULL,'2019-20',7,10,'\'\'','2020-03-11 00:00:00','2020-08-08 00:00:00','fgh@test.com'),(666,1,66,1,16,3,2,2020,NULL,NULL,'2020-21',8,10,'\'\'','2020-03-15 00:00:00','2020-08-08 00:00:00','fgh@test.com'),(667,1,67,2,17,4,1,2020,NULL,NULL,'2019-20',5,10,'\'\'','2019-09-15 00:00:00','2020-08-08 00:00:00','fgh@test.com'),(668,1,68,3,18,5,2,2020,NULL,NULL,'2020-21',7,10,'\'\'','2019-12-01 00:00:00','2020-08-08 00:00:00','fgh@test.com'),(669,1,69,4,19,6,1,2020,NULL,NULL,'2019-20',8,10,'\'\'','2019-10-30 00:00:00','2020-08-08 00:00:00','fgh@test.com'),(670,1,70,5,20,7,2,2020,NULL,NULL,'2020-21',8,10,'\'\'','2019-12-17 00:00:00','2020-08-08 00:00:00','seniorteacher@test.com'),(671,1,71,1,21,8,1,2020,NULL,NULL,'2019-20',9,10,'\'\'','2019-10-10 00:00:00','2020-08-08 00:00:00','fgh@test.com'),(672,1,72,2,22,9,2,2020,NULL,NULL,'2020-21',6,10,'\'\'','2020-01-30 00:00:00','2020-08-08 00:00:00','seniorteacher@test.com'),(673,1,73,3,23,10,1,2020,NULL,NULL,'2019-20',8,10,'\'\'','2019-11-06 00:00:00','2020-08-08 00:00:00','seniorteacher@test.com'),(674,1,74,4,24,11,2,2020,NULL,NULL,'2020-21',8,10,'\'\'','2020-07-17 00:00:00','2020-08-08 00:00:00','test@gmail.com'),(675,1,75,5,25,12,1,2020,NULL,NULL,'2019-20',8,10,'\'\'','2020-07-12 00:00:00','2020-08-08 00:00:00','seniorteacher@test.com'),(676,1,76,1,26,13,2,2020,NULL,NULL,'2020-21',8,10,'\'\'','2019-11-16 00:00:00','2020-08-08 00:00:00','seniorteacher@test.com'),(677,1,77,2,1,14,1,2020,NULL,NULL,'2019-20',8,10,'\'\'','2020-07-13 00:00:00','2020-08-08 00:00:00','test@gmail.com'),(678,1,78,3,2,15,2,2020,NULL,NULL,'2020-21',7,10,'\'\'','2020-08-02 00:00:00','2020-08-08 00:00:00','prabhashanth@gmail.com'),(679,1,79,4,3,16,1,2020,NULL,NULL,'2019-20',7,10,'\'\'','2020-08-07 00:00:00','2020-08-08 00:00:00','seniorteacher@test.com'),(680,1,80,5,4,17,2,2020,NULL,NULL,'2020-21',7,10,'\'\'','2019-09-05 00:00:00','2020-08-08 00:00:00','test@gmail.com'),(681,1,81,1,5,1,1,2020,NULL,NULL,'2019-20',7,10,'\'\'','2019-08-22 00:00:00','2020-08-08 00:00:00','seniorteacher@test.com'),(682,1,82,2,6,2,2,2020,NULL,NULL,'2020-21',7,10,'\'\'','2019-09-23 00:00:00','2020-08-08 00:00:00','test@test.com'),(683,1,83,3,7,3,1,2020,NULL,NULL,'2019-20',8,10,'\'\'','2019-11-13 00:00:00','2020-08-08 00:00:00','test@gmail.com'),(684,1,84,4,8,4,2,2020,NULL,NULL,'2020-21',5,10,'\'\'','2020-06-02 00:00:00','2020-08-08 00:00:00','seniorteacher@test.com'),(685,1,85,5,9,5,1,2020,NULL,NULL,'2019-20',6,10,'\'\'','2019-10-09 00:00:00','2020-08-08 00:00:00','prabhashanth@gmail.com'),(686,1,86,1,10,6,2,2020,NULL,NULL,'2020-21',5,10,'\'\'','2019-11-28 00:00:00','2020-08-08 00:00:00','prabhashanth@gmail.com'),(687,1,87,2,11,7,1,2020,NULL,NULL,'2019-20',6,10,'\'\'','2020-05-17 00:00:00','2020-08-08 00:00:00','fgh@test.com'),(688,1,88,3,12,8,2,2020,NULL,NULL,'2020-21',9,10,'\'\'','2019-10-21 00:00:00','2020-08-08 00:00:00','seniorteacher@test.com'),(689,1,89,4,13,9,1,2020,NULL,NULL,'2019-20',7,10,'\'\'','2020-05-17 00:00:00','2020-08-08 00:00:00','test@gmail.com'),(690,1,90,5,14,10,2,2020,NULL,NULL,'2020-21',8,10,'\'\'','2020-03-26 00:00:00','2020-08-08 00:00:00','test@gmail.com'),(691,1,91,1,15,11,1,2020,NULL,NULL,'2019-20',8,10,'\'\'','2019-10-18 00:00:00','2020-08-08 00:00:00','prabhashanth@gmail.com'),(692,1,92,2,16,12,2,2020,NULL,NULL,'2020-21',5,10,'\'\'','2020-04-10 00:00:00','2020-08-08 00:00:00','test@gmail.com'),(693,1,93,3,17,13,1,2020,NULL,NULL,'2019-20',8,10,'\'\'','2020-05-03 00:00:00','2020-08-08 00:00:00','prabhashanth@gmail.com'),(694,1,94,4,18,14,2,2020,NULL,NULL,'2020-21',6,10,'\'\'','2020-03-06 00:00:00','2020-08-08 00:00:00','test@gmail.com'),(695,1,95,5,19,15,1,2020,NULL,NULL,'2019-20',6,10,'\'\'','2020-03-29 00:00:00','2020-08-08 00:00:00','test@gmail.com'),(696,1,96,1,20,16,2,2020,NULL,NULL,'2020-21',5,10,'\'\'','2020-06-13 00:00:00','2020-08-08 00:00:00','test@test.com'),(697,1,97,2,21,17,1,2020,NULL,NULL,'2019-20',7,10,'\'\'','2020-03-24 00:00:00','2020-08-08 00:00:00','seniorteacher@test.com'),(698,1,98,3,22,1,2,2020,NULL,NULL,'2020-21',5,10,'\'\'','2019-10-30 00:00:00','2020-08-08 00:00:00','seniorteacher@test.com'),(699,1,99,4,23,2,1,2020,NULL,NULL,'2019-20',5,10,'\'\'','2019-12-30 00:00:00','2020-08-08 00:00:00','seniorteacher@test.com'),(700,1,100,5,24,3,2,2020,NULL,NULL,'2020-21',8,10,'\'\'','2020-05-30 00:00:00','2020-08-08 00:00:00','prabhashanth@gmail.com'),(701,1,101,1,25,4,1,2020,NULL,NULL,'2019-20',6,10,'\'\'','2019-10-28 00:00:00','2020-08-08 00:00:00','fgh@test.com'),(702,1,102,2,26,5,2,2020,NULL,NULL,'2020-21',9,10,'\'\'','2019-11-02 00:00:00','2020-08-08 00:00:00','fgh@test.com'),(703,1,103,3,1,6,1,2020,NULL,NULL,'2019-20',8,10,'\'\'','2019-12-14 00:00:00','2020-08-08 00:00:00','seniorteacher@test.com'),(704,1,104,4,2,7,2,2020,NULL,NULL,'2020-21',9,10,'\'\'','2019-10-30 00:00:00','2020-08-08 00:00:00','fgh@test.com'),(705,1,105,5,3,8,1,2020,NULL,NULL,'2019-20',7,10,'\'\'','2020-07-10 00:00:00','2020-08-08 00:00:00','prabhashanth@gmail.com'),(706,1,106,1,4,9,2,2020,NULL,NULL,'2020-21',5,10,'\'\'','2020-02-19 00:00:00','2020-08-08 00:00:00','seniorteacher@test.com'),(707,1,107,2,5,10,1,2020,NULL,NULL,'2019-20',8,10,'\'\'','2020-06-25 00:00:00','2020-08-08 00:00:00','prabhashanth@gmail.com'),(708,1,108,3,6,11,2,2020,NULL,NULL,'2020-21',8,10,'\'\'','2020-05-02 00:00:00','2020-08-08 00:00:00','test@test.com'),(709,1,109,4,7,12,1,2020,NULL,NULL,'2019-20',6,10,'\'\'','2020-05-29 00:00:00','2020-08-08 00:00:00','seniorteacher@test.com'),(710,1,110,5,8,13,2,2020,NULL,NULL,'2020-21',8,10,'\'\'','2020-05-22 00:00:00','2020-08-08 00:00:00','prabhashanth@gmail.com'),(711,1,111,1,9,14,1,2020,NULL,NULL,'2019-20',9,10,'\'\'','2019-11-11 00:00:00','2020-08-08 00:00:00','prabhashanth@gmail.com'),(712,1,112,2,10,15,2,2020,NULL,NULL,'2020-21',5,10,'\'\'','2020-07-25 00:00:00','2020-08-08 00:00:00','test@gmail.com'),(713,1,113,3,11,16,1,2020,5,5,'2019-20',6,10,'\'\'','2020-06-05 00:00:00','2020-08-08 00:00:00','test@gmail.com'),(714,1,114,4,12,17,2,2020,NULL,NULL,'2020-21',9,10,'\'\'','2020-01-29 00:00:00','2020-08-08 00:00:00','test@gmail.com'),(715,1,115,5,13,1,1,2020,NULL,NULL,'2019-20',6,10,'\'\'','2019-10-17 00:00:00','2020-08-08 00:00:00','prabhashanth@gmail.com'),(716,1,116,1,14,2,2,2020,NULL,NULL,'2020-21',6,10,'\'\'','2019-09-29 00:00:00','2020-08-08 00:00:00','seniorteacher@test.com'),(717,1,117,2,15,3,1,2020,NULL,NULL,'2019-20',7,10,'\'\'','2019-08-10 00:00:00','2020-08-08 00:00:00','seniorteacher@test.com'),(718,1,118,3,16,4,2,2020,NULL,NULL,'2020-21',5,10,'\'\'','2020-03-03 00:00:00','2020-08-08 00:00:00','seniorteacher@test.com'),(719,1,119,4,17,5,1,2020,NULL,NULL,'2019-20',9,10,'\'\'','2020-05-30 00:00:00','2020-08-08 00:00:00','test@test.com'),(720,1,120,5,18,6,2,2020,NULL,NULL,'2020-21',7,10,'\'\'','2020-08-05 00:00:00','2020-08-08 00:00:00','fgh@test.com'),(721,1,121,1,19,7,1,2020,NULL,NULL,'2019-20',7,10,'\'\'','2019-08-26 00:00:00','2020-08-08 00:00:00','test@gmail.com'),(722,1,122,2,20,8,2,2020,NULL,NULL,'2020-21',5,10,'\'\'','2019-11-08 00:00:00','2020-08-08 00:00:00','fgh@test.com'),(723,1,123,3,21,9,1,2020,NULL,NULL,'2019-20',5,10,'\'\'','2020-02-03 00:00:00','2020-08-08 00:00:00','test@test.com'),(724,1,124,4,22,10,2,2020,NULL,NULL,'2020-21',7,10,'\'\'','2020-05-17 00:00:00','2020-08-08 00:00:00','test@test.com'),(725,1,125,5,23,11,1,2020,NULL,NULL,'2019-20',6,10,'\'\'','2019-10-09 00:00:00','2020-08-08 00:00:00','test@test.com'),(726,1,126,1,24,12,2,2020,NULL,NULL,'2020-21',8,10,'\'\'','2020-03-31 00:00:00','2020-08-08 00:00:00','fgh@test.com'),(727,1,127,2,25,13,1,2020,NULL,NULL,'2019-20',6,10,'\'\'','2020-04-06 00:00:00','2020-08-08 00:00:00','fgh@test.com'),(728,1,128,3,26,14,2,2020,NULL,NULL,'2020-21',8,10,'\'\'','2020-02-25 00:00:00','2020-08-08 00:00:00','test@test.com'),(729,1,129,4,1,15,1,2020,NULL,NULL,'2019-20',9,10,'\'\'','2020-02-16 00:00:00','2020-08-08 00:00:00','fgh@test.com'),(730,1,130,5,2,16,2,2020,NULL,NULL,'2020-21',8,10,'\'\'','2019-10-05 00:00:00','2020-08-08 00:00:00','test@test.com'),(731,1,131,1,3,17,1,2020,NULL,NULL,'2019-20',9,10,'\'\'','2020-02-26 00:00:00','2020-08-08 00:00:00','fgh@test.com'),(732,1,132,2,4,1,2,2020,NULL,NULL,'2020-21',5,10,'\'\'','2020-05-08 00:00:00','2020-08-08 00:00:00','fgh@test.com'),(733,1,133,3,5,2,1,2020,NULL,NULL,'2019-20',9,10,'\'\'','2020-04-09 00:00:00','2020-08-08 00:00:00','fgh@test.com'),(734,1,134,4,6,3,2,2020,NULL,NULL,'2020-21',7,10,'\'\'','2020-06-21 00:00:00','2020-08-08 00:00:00','test@gmail.com'),(735,1,135,5,7,4,1,2020,NULL,NULL,'2019-20',6,10,'\'\'','2020-01-11 00:00:00','2020-08-08 00:00:00','test@test.com'),(736,1,136,1,8,5,2,2020,NULL,NULL,'2020-21',5,10,'\'\'','2020-06-20 00:00:00','2020-08-08 00:00:00','seniorteacher@test.com'),(737,1,137,2,9,6,1,2020,NULL,NULL,'2019-20',5,10,'\'\'','2019-12-04 00:00:00','2020-08-08 00:00:00','test@test.com'),(738,1,138,3,10,7,2,2020,NULL,NULL,'2020-21',7,10,'\'\'','2019-12-22 00:00:00','2020-08-08 00:00:00','test@gmail.com'),(739,1,139,4,11,8,1,2020,NULL,NULL,'2019-20',7,10,'\'\'','2020-02-11 00:00:00','2020-08-08 00:00:00','fgh@test.com'),(740,1,140,5,12,9,2,2020,NULL,NULL,'2020-21',7,10,'\'\'','2020-02-17 00:00:00','2020-08-08 00:00:00','test@test.com'),(741,1,141,1,13,10,1,2020,NULL,NULL,'2019-20',9,10,'\'\'','2020-05-14 00:00:00','2020-08-08 00:00:00','prabhashanth@gmail.com'),(742,1,142,2,14,11,2,2020,NULL,NULL,'2020-21',5,10,'\'\'','2019-10-31 00:00:00','2020-08-08 00:00:00','fgh@test.com'),(743,1,143,3,15,12,1,2020,NULL,NULL,'2019-20',8,10,'\'\'','2019-10-18 00:00:00','2020-08-08 00:00:00','test@test.com'),(744,1,144,4,16,13,2,2020,NULL,NULL,'2020-21',6,10,'\'\'','2019-10-26 00:00:00','2020-08-08 00:00:00','fgh@test.com'),(745,1,145,5,17,14,1,2020,NULL,NULL,'2019-20',6,10,'\'\'','2019-09-09 00:00:00','2020-08-08 00:00:00','test@test.com'),(746,1,146,1,18,15,2,2020,NULL,NULL,'2020-21',5,10,'\'\'','2019-12-14 00:00:00','2020-08-08 00:00:00','fgh@test.com'),(747,1,147,2,19,16,1,2020,NULL,NULL,'2019-20',5,10,'\'\'','2020-01-17 00:00:00','2020-08-08 00:00:00','fgh@test.com'),(748,1,148,3,20,17,2,2020,NULL,NULL,'2020-21',5,10,'\'\'','2020-03-03 00:00:00','2020-08-08 00:00:00','prabhashanth@gmail.com'),(749,1,149,4,21,1,1,2020,NULL,NULL,'2019-20',7,10,'\'\'','2020-01-12 00:00:00','2020-08-08 00:00:00','test@test.com'),(750,1,150,5,22,2,2,2020,NULL,NULL,'2020-21',8,10,'\'\'','2020-01-23 00:00:00','2020-08-08 00:00:00','fgh@test.com'),(751,1,151,1,23,3,1,2020,NULL,NULL,'2019-20',9,10,'\'\'','2019-09-27 00:00:00','2020-08-08 00:00:00','test@test.com'),(752,1,152,2,24,4,2,2020,NULL,NULL,'2020-21',6,10,'\'\'','2020-04-12 00:00:00','2020-08-08 00:00:00','seniorteacher@test.com'),(753,1,153,3,25,5,1,2020,NULL,NULL,'2019-20',8,10,'\'\'','2020-05-14 00:00:00','2020-08-08 00:00:00','prabhashanth@gmail.com'),(754,1,154,4,26,6,2,2020,NULL,NULL,'2020-21',9,10,'\'\'','2020-07-11 00:00:00','2020-08-08 00:00:00','seniorteacher@test.com'),(755,1,155,5,1,7,1,2020,NULL,NULL,'2019-20',8,10,'\'\'','2019-10-28 00:00:00','2020-08-08 00:00:00','test@test.com'),(756,1,156,1,2,8,2,2020,NULL,NULL,'2020-21',6,10,'\'\'','2020-02-19 00:00:00','2020-08-08 00:00:00','fgh@test.com'),(757,1,157,2,3,9,1,2020,NULL,NULL,'2019-20',5,10,'\'\'','2019-10-10 00:00:00','2020-08-08 00:00:00','prabhashanth@gmail.com'),(758,1,158,3,4,10,2,2020,NULL,NULL,'2020-21',9,10,'\'\'','2020-07-17 00:00:00','2020-08-08 00:00:00','fgh@test.com'),(759,1,159,4,5,11,1,2020,NULL,NULL,'2019-20',7,10,'\'\'','2020-07-04 00:00:00','2020-08-08 00:00:00','test@gmail.com'),(760,1,160,5,6,12,2,2020,NULL,NULL,'2020-21',8,10,'\'\'','2019-08-19 00:00:00','2020-08-08 00:00:00','seniorteacher@test.com'),(761,1,161,1,7,13,1,2020,NULL,NULL,'2019-20',6,10,'\'\'','2019-08-11 00:00:00','2020-08-08 00:00:00','seniorteacher@test.com'),(762,1,162,2,8,14,2,2020,NULL,NULL,'2020-21',5,10,'\'\'','2020-01-09 00:00:00','2020-08-08 00:00:00','seniorteacher@test.com'),(763,1,163,3,9,15,1,2020,NULL,NULL,'2019-20',5,10,'\'\'','2020-01-24 00:00:00','2020-08-08 00:00:00','fgh@test.com'),(764,1,164,4,10,16,2,2020,NULL,NULL,'2020-21',8,10,'\'\'','2019-08-08 00:00:00','2020-08-08 00:00:00','test@gmail.com'),(765,1,165,5,11,17,1,2020,NULL,NULL,'2019-20',8,10,'\'\'','2020-03-28 00:00:00','2020-08-08 00:00:00','prabhashanth@gmail.com'),(766,1,166,1,12,1,2,2020,NULL,NULL,'2020-21',7,10,'\'\'','2020-06-16 00:00:00','2020-08-08 00:00:00','prabhashanth@gmail.com'),(767,1,167,2,13,2,1,2020,NULL,NULL,'2019-20',6,10,'\'\'','2020-01-20 00:00:00','2020-08-08 00:00:00','seniorteacher@test.com'),(768,1,168,3,14,3,2,2020,NULL,NULL,'2020-21',9,10,'\'\'','2019-08-22 00:00:00','2020-08-08 00:00:00','fgh@test.com'),(769,1,169,4,15,4,1,2020,NULL,NULL,'2019-20',5,10,'\'\'','2020-07-22 00:00:00','2020-08-08 00:00:00','fgh@test.com'),(770,1,170,5,16,5,2,2020,NULL,NULL,'2020-21',6,10,'\'\'','2020-01-24 00:00:00','2020-08-08 00:00:00','fgh@test.com'),(771,1,171,1,17,6,1,2020,NULL,NULL,'2019-20',8,10,'\'\'','2019-12-07 00:00:00','2020-08-08 00:00:00','test@test.com'),(772,1,172,2,18,7,2,2020,NULL,NULL,'2020-21',5,10,'\'\'','2019-09-01 00:00:00','2020-08-08 00:00:00','test@gmail.com'),(773,1,173,3,19,8,1,2020,NULL,NULL,'2019-20',9,10,'\'\'','2020-01-25 00:00:00','2020-08-08 00:00:00','prabhashanth@gmail.com'),(774,1,174,4,20,9,2,2020,NULL,NULL,'2020-21',6,10,'\'\'','2019-10-14 00:00:00','2020-08-08 00:00:00','test@test.com'),(775,1,175,5,21,10,1,2020,NULL,NULL,'2019-20',7,10,'\'\'','2019-09-06 00:00:00','2020-08-08 00:00:00','fgh@test.com'),(776,1,176,1,22,11,2,2020,NULL,NULL,'2020-21',7,10,'\'\'','2019-12-22 00:00:00','2020-08-08 00:00:00','fgh@test.com'),(777,1,177,2,23,12,1,2020,NULL,NULL,'2019-20',6,10,'\'\'','2020-07-08 00:00:00','2020-08-08 00:00:00','seniorteacher@test.com'),(778,1,178,3,24,13,2,2020,NULL,NULL,'2020-21',7,10,'\'\'','2019-12-20 00:00:00','2020-08-08 00:00:00','test@gmail.com'),(779,1,179,4,25,14,1,2020,NULL,NULL,'2019-20',8,10,'\'\'','2020-06-18 00:00:00','2020-08-08 00:00:00','test@gmail.com'),(780,1,180,5,26,15,2,2020,NULL,NULL,'2020-21',8,10,'\'\'','2020-06-11 00:00:00','2020-08-08 00:00:00','prabhashanth@gmail.com'),(781,1,181,1,1,16,1,2020,NULL,NULL,'2019-20',8,10,'\'\'','2019-10-09 00:00:00','2020-08-08 00:00:00','seniorteacher@test.com'),(782,1,182,2,2,17,2,2020,NULL,NULL,'2020-21',6,10,'\'\'','2020-06-13 00:00:00','2020-08-08 00:00:00','prabhashanth@gmail.com'),(783,1,183,3,3,1,1,2020,NULL,NULL,'2019-20',6,10,'\'\'','2020-04-29 00:00:00','2020-08-08 00:00:00','prabhashanth@gmail.com'),(784,1,184,4,4,2,2,2020,NULL,NULL,'2020-21',6,10,'\'\'','2019-08-27 00:00:00','2020-08-08 00:00:00','fgh@test.com'),(785,1,185,5,5,3,1,2020,NULL,NULL,'2019-20',5,10,'\'\'','2020-04-14 00:00:00','2020-08-08 00:00:00','seniorteacher@test.com'),(786,1,186,1,6,4,2,2020,NULL,NULL,'2020-21',5,10,'\'\'','2019-12-27 00:00:00','2020-08-08 00:00:00','prabhashanth@gmail.com'),(787,1,187,2,7,5,1,2020,NULL,NULL,'2019-20',8,10,'\'\'','2019-11-10 00:00:00','2020-08-08 00:00:00','seniorteacher@test.com'),(788,1,188,3,8,6,2,2020,NULL,NULL,'2020-21',7,10,'\'\'','2020-04-13 00:00:00','2020-08-08 00:00:00','seniorteacher@test.com'),(789,1,189,4,9,7,1,2020,NULL,NULL,'2019-20',8,10,'\'\'','2020-07-06 00:00:00','2020-08-08 00:00:00','prabhashanth@gmail.com'),(790,1,190,5,10,8,2,2020,NULL,NULL,'2020-21',5,10,'\'\'','2020-08-01 00:00:00','2020-08-08 00:00:00','prabhashanth@gmail.com'),(791,1,191,1,11,9,1,2020,NULL,NULL,'2019-20',8,10,'\'\'','2019-09-29 00:00:00','2020-08-08 00:00:00','fgh@test.com'),(792,1,192,2,12,10,2,2020,NULL,NULL,'2020-21',8,10,'\'\'','2020-01-05 00:00:00','2020-08-08 00:00:00','prabhashanth@gmail.com'),(793,1,193,3,13,11,1,2020,NULL,NULL,'2019-20',6,10,'\'\'','2019-08-17 00:00:00','2020-08-08 00:00:00','prabhashanth@gmail.com'),(794,1,194,4,14,12,2,2020,NULL,NULL,'2020-21',8,10,'\'\'','2019-12-07 00:00:00','2020-08-08 00:00:00','test@test.com'),(795,1,195,5,15,13,1,2020,NULL,NULL,'2019-20',7,10,'\'\'','2020-06-28 00:00:00','2020-08-08 00:00:00','seniorteacher@test.com'),(796,1,196,1,16,14,2,2020,NULL,NULL,'2020-21',7,10,'\'\'','2020-01-28 00:00:00','2020-08-08 00:00:00','fgh@test.com'),(797,1,197,2,17,15,1,2020,NULL,NULL,'2019-20',6,10,'\'\'','2019-10-17 00:00:00','2020-08-08 00:00:00','test@gmail.com'),(798,1,198,3,18,16,2,2020,NULL,NULL,'2020-21',9,10,'\'\'','2020-05-15 00:00:00','2020-08-08 00:00:00','prabhashanth@gmail.com'),(799,1,199,4,19,17,1,2020,NULL,NULL,'2019-20',8,10,'\'\'','2020-03-29 00:00:00','2020-08-08 00:00:00','test@gmail.com'),(800,1,200,5,20,1,2,2020,NULL,NULL,'2020-21',9,10,'\'\'','2019-10-02 00:00:00','2020-08-08 00:00:00','fgh@test.com'),(801,1,201,1,21,2,1,2020,NULL,NULL,'2019-20',8,10,'\'\'','2020-06-24 00:00:00','2020-08-08 00:00:00','test@test.com'),(802,1,202,2,22,3,2,2020,NULL,NULL,'2020-21',7,10,'\'\'','2020-08-01 00:00:00','2020-08-08 00:00:00','prabhashanth@gmail.com'),(803,1,203,3,23,4,1,2020,NULL,NULL,'2019-20',8,10,'\'\'','2019-09-24 00:00:00','2020-08-08 00:00:00','prabhashanth@gmail.com'),(804,1,204,4,24,5,2,2020,NULL,NULL,'2020-21',9,10,'\'\'','2019-12-23 00:00:00','2020-08-08 00:00:00','prabhashanth@gmail.com'),(805,1,205,5,25,6,1,2020,NULL,NULL,'2019-20',9,10,'\'\'','2019-11-18 00:00:00','2020-08-08 00:00:00','prabhashanth@gmail.com'),(806,1,206,1,26,7,2,2020,NULL,NULL,'2020-21',6,10,'\'\'','2020-06-25 00:00:00','2020-08-08 00:00:00','test@gmail.com'),(807,1,207,2,1,8,1,2020,NULL,NULL,'2019-20',5,10,'\'\'','2019-12-31 00:00:00','2020-08-08 00:00:00','test@gmail.com'),(808,1,208,3,2,9,2,2020,NULL,NULL,'2020-21',5,10,'\'\'','2019-08-25 00:00:00','2020-08-08 00:00:00','fgh@test.com'),(809,1,209,4,3,10,1,2020,NULL,NULL,'2019-20',7,10,'\'\'','2020-05-31 00:00:00','2020-08-08 00:00:00','test@gmail.com'),(810,1,210,5,4,11,2,2020,NULL,NULL,'2020-21',7,10,'\'\'','2019-08-16 00:00:00','2020-08-08 00:00:00','fgh@test.com'),(811,1,211,1,5,12,1,2020,NULL,NULL,'2019-20',7,10,'\'\'','2020-04-19 00:00:00','2020-08-08 00:00:00','test@test.com'),(812,1,212,2,6,13,2,2020,NULL,NULL,'2020-21',7,10,'\'\'','2020-03-01 00:00:00','2020-08-08 00:00:00','seniorteacher@test.com'),(813,1,213,3,7,14,1,2020,NULL,NULL,'2019-20',7,10,'\'\'','2020-06-02 00:00:00','2020-08-08 00:00:00','seniorteacher@test.com'),(814,1,214,4,8,15,2,2020,NULL,NULL,'2020-21',5,10,'\'\'','2020-02-29 00:00:00','2020-08-08 00:00:00','test@test.com'),(815,1,215,5,9,16,1,2020,NULL,NULL,'2019-20',7,10,'\'\'','2019-09-28 00:00:00','2020-08-08 00:00:00','test@test.com'),(816,1,216,1,10,17,2,2020,NULL,NULL,'2020-21',7,10,'\'\'','2019-12-05 00:00:00','2020-08-08 00:00:00','test@gmail.com'),(817,1,217,2,11,1,1,2020,NULL,NULL,'2019-20',8,10,'\'\'','2020-06-21 00:00:00','2020-08-08 00:00:00','seniorteacher@test.com'),(818,1,218,3,12,2,2,2020,NULL,NULL,'2020-21',9,10,'\'\'','2020-06-03 00:00:00','2020-08-08 00:00:00','test@gmail.com'),(819,1,219,4,13,3,1,2020,NULL,NULL,'2019-20',7,10,'\'\'','2020-06-01 00:00:00','2020-08-08 00:00:00','test@gmail.com'),(820,1,220,5,14,4,2,2020,NULL,NULL,'2020-21',6,10,'\'\'','2020-04-29 00:00:00','2020-08-08 00:00:00','prabhashanth@gmail.com'),(821,1,221,1,15,5,1,2020,NULL,NULL,'2019-20',5,10,'\'\'','2020-03-15 00:00:00','2020-08-08 00:00:00','test@test.com'),(822,1,222,2,16,6,2,2020,NULL,NULL,'2020-21',6,10,'\'\'','2020-03-06 00:00:00','2020-08-08 00:00:00','prabhashanth@gmail.com'),(823,1,223,3,17,7,1,2020,NULL,NULL,'2019-20',7,10,'\'\'','2019-11-23 00:00:00','2020-08-08 00:00:00','test@gmail.com'),(824,1,224,4,18,8,2,2020,NULL,NULL,'2020-21',5,10,'\'\'','2019-09-01 00:00:00','2020-08-08 00:00:00','test@gmail.com'),(825,1,225,5,19,9,1,2020,NULL,NULL,'2019-20',6,10,'\'\'','2020-01-06 00:00:00','2020-08-08 00:00:00','seniorteacher@test.com'),(826,1,226,1,20,10,2,2020,NULL,NULL,'2020-21',5,10,'\'\'','2020-02-11 00:00:00','2020-08-08 00:00:00','seniorteacher@test.com'),(827,1,227,2,21,11,1,2020,NULL,NULL,'2019-20',7,10,'\'\'','2020-06-19 00:00:00','2020-08-08 00:00:00','fgh@test.com'),(828,1,228,3,22,12,2,2020,NULL,NULL,'2020-21',8,10,'\'\'','2019-11-29 00:00:00','2020-08-08 00:00:00','prabhashanth@gmail.com'),(829,1,229,4,23,13,1,2020,NULL,NULL,'2019-20',5,10,'\'\'','2020-08-05 00:00:00','2020-08-08 00:00:00','seniorteacher@test.com'),(830,1,230,5,24,14,2,2020,NULL,NULL,'2020-21',5,10,'\'\'','2020-06-25 00:00:00','2020-08-08 00:00:00','fgh@test.com'),(831,1,231,1,25,15,1,2020,NULL,NULL,'2019-20',9,10,'\'\'','2019-11-04 00:00:00','2020-08-08 00:00:00','test@test.com'),(832,1,232,2,26,16,2,2020,NULL,NULL,'2020-21',8,10,'\'\'','2020-06-19 00:00:00','2020-08-08 00:00:00','test@gmail.com'),(833,1,233,3,1,17,1,2020,NULL,NULL,'2019-20',6,10,'\'\'','2019-10-03 00:00:00','2020-08-08 00:00:00','test@test.com'),(834,1,234,4,2,1,2,2020,NULL,NULL,'2020-21',6,10,'\'\'','2020-05-09 00:00:00','2020-08-08 00:00:00','fgh@test.com'),(835,1,235,5,3,2,1,2020,NULL,NULL,'2019-20',7,10,'\'\'','2020-05-24 00:00:00','2020-08-08 00:00:00','prabhashanth@gmail.com'),(836,1,236,1,4,3,2,2020,NULL,NULL,'2020-21',6,10,'\'\'','2020-05-23 00:00:00','2020-08-08 00:00:00','test@test.com'),(837,1,237,2,5,4,1,2020,3,3,'2019-20',7,10,'\'\'','2020-04-02 00:00:00','2020-08-08 00:00:00','fgh@test.com'),(838,1,238,3,6,5,2,2020,NULL,NULL,'2020-21',9,10,'\'\'','2019-10-12 00:00:00','2020-08-08 00:00:00','prabhashanth@gmail.com'),(839,1,239,4,7,6,1,2020,NULL,NULL,'2019-20',5,10,'\'\'','2020-06-21 00:00:00','2020-08-08 00:00:00','seniorteacher@test.com'),(840,1,240,5,8,7,2,2020,NULL,NULL,'2020-21',9,10,'\'\'','2019-09-05 00:00:00','2020-08-08 00:00:00','test@test.com'),(841,1,241,1,9,8,1,2020,NULL,NULL,'2019-20',5,10,'\'\'','2020-01-04 00:00:00','2020-08-08 00:00:00','test@gmail.com'),(842,1,242,2,10,9,2,2020,NULL,NULL,'2020-21',5,10,'\'\'','2020-05-19 00:00:00','2020-08-08 00:00:00','prabhashanth@gmail.com'),(843,1,243,3,11,10,1,2020,NULL,NULL,'2019-20',7,10,'\'\'','2019-11-22 00:00:00','2020-08-08 00:00:00','seniorteacher@test.com'),(844,1,244,4,12,11,2,2020,NULL,NULL,'2020-21',5,10,'\'\'','2020-07-01 00:00:00','2020-08-08 00:00:00','seniorteacher@test.com'),(845,1,245,5,13,12,1,2020,NULL,NULL,'2019-20',9,10,'\'\'','2020-08-01 00:00:00','2020-08-08 00:00:00','prabhashanth@gmail.com'),(846,1,246,1,14,13,2,2020,NULL,NULL,'2020-21',5,10,'\'\'','2019-09-04 00:00:00','2020-08-08 00:00:00','seniorteacher@test.com'),(847,1,247,2,15,14,1,2020,NULL,NULL,'2019-20',9,10,'\'\'','2019-12-09 00:00:00','2020-08-08 00:00:00','seniorteacher@test.com'),(848,1,248,3,16,15,2,2020,NULL,NULL,'2020-21',8,10,'\'\'','2020-02-17 00:00:00','2020-08-08 00:00:00','fgh@test.com'),(849,1,249,4,17,16,1,2020,NULL,NULL,'2019-20',9,10,'\'\'','2019-08-27 00:00:00','2020-08-08 00:00:00','test@gmail.com'),(850,1,250,5,18,17,2,2020,NULL,NULL,'2020-21',7,10,'\'\'','2020-04-15 00:00:00','2020-08-08 00:00:00','fgh@test.com'),(851,1,251,1,19,1,1,2020,NULL,NULL,'2019-20',5,10,'\'\'','2020-01-06 00:00:00','2020-08-08 00:00:00','seniorteacher@test.com'),(852,1,252,2,20,2,2,2020,NULL,NULL,'2020-21',9,10,'\'\'','2019-09-30 00:00:00','2020-08-08 00:00:00','fgh@test.com'),(853,1,253,3,21,3,1,2020,NULL,NULL,'2019-20',9,10,'\'\'','2020-06-04 00:00:00','2020-08-08 00:00:00','prabhashanth@gmail.com'),(854,1,254,4,22,4,2,2020,NULL,NULL,'2020-21',6,10,'\'\'','2020-04-02 00:00:00','2020-08-08 00:00:00','fgh@test.com'),(855,1,255,5,23,5,1,2020,NULL,NULL,'2019-20',5,10,'\'\'','2020-05-24 00:00:00','2020-08-08 00:00:00','fgh@test.com'),(856,1,256,1,24,6,2,2020,NULL,NULL,'2020-21',5,10,'\'\'','2020-04-25 00:00:00','2020-08-08 00:00:00','prabhashanth@gmail.com'),(857,1,257,2,25,7,1,2020,NULL,NULL,'2019-20',6,10,'\'\'','2020-02-06 00:00:00','2020-08-08 00:00:00','prabhashanth@gmail.com'),(858,1,258,3,26,8,2,2020,NULL,NULL,'2020-21',9,10,'\'\'','2020-05-08 00:00:00','2020-08-08 00:00:00','test@test.com'),(859,1,259,4,1,9,1,2020,NULL,NULL,'2019-20',8,10,'\'\'','2019-09-05 00:00:00','2020-08-08 00:00:00','seniorteacher@test.com'),(860,1,260,5,2,10,2,2020,NULL,NULL,'2020-21',9,10,'\'\'','2020-08-02 00:00:00','2020-08-08 00:00:00','test@gmail.com'),(861,1,261,1,3,11,1,2020,NULL,NULL,'2019-20',9,10,'\'\'','2020-01-19 00:00:00','2020-08-08 00:00:00','fgh@test.com'),(862,1,262,2,4,12,2,2020,NULL,NULL,'2020-21',9,10,'\'\'','2019-08-14 00:00:00','2020-08-08 00:00:00','test@test.com'),(863,1,263,3,5,13,1,2020,NULL,NULL,'2019-20',6,10,'\'\'','2020-01-13 00:00:00','2020-08-08 00:00:00','test@test.com'),(864,1,264,4,6,14,2,2020,NULL,NULL,'2020-21',8,10,'\'\'','2020-01-15 00:00:00','2020-08-08 00:00:00','fgh@test.com'),(865,1,265,5,7,15,1,2020,NULL,NULL,'2019-20',6,10,'\'\'','2019-11-23 00:00:00','2020-08-08 00:00:00','fgh@test.com'),(866,1,266,1,8,16,2,2020,NULL,NULL,'2020-21',9,10,'\'\'','2020-03-20 00:00:00','2020-08-08 00:00:00','test@gmail.com'),(867,1,267,2,9,17,1,2020,NULL,NULL,'2019-20',7,10,'\'\'','2020-04-06 00:00:00','2020-08-08 00:00:00','seniorteacher@test.com'),(868,1,268,3,10,1,2,2020,NULL,NULL,'2020-21',8,10,'\'\'','2020-06-26 00:00:00','2020-08-08 00:00:00','fgh@test.com'),(869,1,269,4,11,2,1,2020,NULL,NULL,'2019-20',5,10,'\'\'','2019-12-19 00:00:00','2020-08-08 00:00:00','prabhashanth@gmail.com'),(870,1,270,5,12,3,2,2020,NULL,NULL,'2020-21',5,10,'\'\'','2020-04-20 00:00:00','2020-08-08 00:00:00','fgh@test.com'),(871,1,271,1,13,4,1,2020,NULL,NULL,'2019-20',5,10,'\'\'','2020-07-15 00:00:00','2020-08-08 00:00:00','seniorteacher@test.com'),(872,1,272,2,14,5,2,2020,NULL,NULL,'2020-21',6,10,'\'\'','2020-03-23 00:00:00','2020-08-08 00:00:00','prabhashanth@gmail.com'),(873,1,273,3,15,6,1,2020,NULL,NULL,'2019-20',7,10,'\'\'','2019-12-05 00:00:00','2020-08-08 00:00:00','prabhashanth@gmail.com'),(874,1,274,4,16,7,2,2020,NULL,NULL,'2020-21',9,10,'\'\'','2020-02-20 00:00:00','2020-08-08 00:00:00','test@gmail.com'),(875,1,275,5,17,8,1,2020,NULL,NULL,'2019-20',6,10,'\'\'','2020-02-11 00:00:00','2020-08-08 00:00:00','test@gmail.com'),(876,1,276,1,18,9,2,2020,NULL,NULL,'2020-21',6,10,'\'\'','2019-10-02 00:00:00','2020-08-08 00:00:00','test@test.com'),(877,1,277,2,19,10,1,2020,NULL,NULL,'2019-20',8,10,'\'\'','2019-12-04 00:00:00','2020-08-08 00:00:00','fgh@test.com'),(878,1,278,3,20,11,2,2020,NULL,NULL,'2020-21',7,10,'\'\'','2019-12-12 00:00:00','2020-08-08 00:00:00','prabhashanth@gmail.com'),(879,1,279,4,21,12,1,2020,NULL,NULL,'2019-20',7,10,'\'\'','2020-03-01 00:00:00','2020-08-08 00:00:00','test@gmail.com'),(880,1,280,5,22,13,2,2020,NULL,NULL,'2020-21',7,10,'\'\'','2019-09-03 00:00:00','2020-08-08 00:00:00','prabhashanth@gmail.com'),(881,1,281,1,23,14,1,2020,NULL,NULL,'2019-20',8,10,'\'\'','2020-06-23 00:00:00','2020-08-08 00:00:00','prabhashanth@gmail.com'),(882,1,282,2,24,15,2,2020,6,6,'2020-21',8,10,'\'\'','2020-01-21 00:00:00','2020-08-08 00:00:00','test@gmail.com'),(883,1,283,3,25,16,1,2020,NULL,NULL,'2019-20',7,10,'\'\'','2020-02-23 00:00:00','2020-08-08 00:00:00','seniorteacher@test.com'),(884,1,284,4,26,17,2,2020,NULL,NULL,'2020-21',7,10,'\'\'','2020-04-12 00:00:00','2020-08-08 00:00:00','fgh@test.com'),(885,1,285,5,1,1,1,2020,NULL,NULL,'2019-20',7,10,'\'\'','2020-06-14 00:00:00','2020-08-08 00:00:00','seniorteacher@test.com'),(886,1,286,1,2,2,2,2020,NULL,NULL,'2020-21',6,10,'\'\'','2020-02-15 00:00:00','2020-08-08 00:00:00','seniorteacher@test.com'),(887,1,287,2,3,3,1,2020,NULL,NULL,'2019-20',9,10,'\'\'','2020-07-01 00:00:00','2020-08-08 00:00:00','test@gmail.com'),(888,1,288,3,4,4,2,2020,NULL,NULL,'2020-21',8,10,'\'\'','2019-09-05 00:00:00','2020-08-08 00:00:00','fgh@test.com'),(889,1,289,4,5,5,1,2020,NULL,NULL,'2019-20',6,10,'\'\'','2020-06-01 00:00:00','2020-08-08 00:00:00','test@gmail.com'),(890,1,290,5,6,6,2,2020,NULL,NULL,'2020-21',8,10,'\'\'','2020-07-24 00:00:00','2020-08-08 00:00:00','test@gmail.com'),(891,1,291,1,7,7,1,2020,NULL,NULL,'2019-20',7,10,'\'\'','2019-11-28 00:00:00','2020-08-08 00:00:00','prabhashanth@gmail.com'),(892,1,292,2,8,8,2,2020,NULL,NULL,'2020-21',8,10,'\'\'','2020-06-04 00:00:00','2020-08-08 00:00:00','test@gmail.com'),(893,1,293,3,9,9,1,2020,NULL,NULL,'2019-20',8,10,'\'\'','2019-11-25 00:00:00','2020-08-08 00:00:00','test@gmail.com'),(894,1,294,4,10,10,2,2020,NULL,NULL,'2020-21',7,10,'\'\'','2020-07-28 00:00:00','2020-08-08 00:00:00','prabhashanth@gmail.com'),(895,1,295,5,11,11,1,2020,NULL,NULL,'2019-20',8,10,'\'\'','2020-04-26 00:00:00','2020-08-08 00:00:00','prabhashanth@gmail.com'),(896,1,296,1,12,12,2,2020,NULL,NULL,'2020-21',8,10,'\'\'','2020-06-27 00:00:00','2020-08-08 00:00:00','fgh@test.com'),(897,1,297,2,13,13,1,2020,NULL,NULL,'2019-20',5,10,'\'\'','2019-12-01 00:00:00','2020-08-08 00:00:00','seniorteacher@test.com'),(898,1,298,3,14,14,2,2020,NULL,NULL,'2020-21',5,10,'\'\'','2020-05-16 00:00:00','2020-08-08 00:00:00','test@test.com'),(899,1,299,4,15,15,1,2020,NULL,NULL,'2019-20',7,10,'\'\'','2020-03-19 00:00:00','2020-08-08 00:00:00','fgh@test.com'),(900,1,300,5,16,16,2,2020,NULL,NULL,'2020-21',8,10,'\'\'','2019-12-08 00:00:00','2020-08-08 00:00:00','seniorteacher@test.com'),(901,1,1,1,17,17,1,2020,NULL,NULL,'2019-20',9,10,'\'\'','2020-07-05 00:00:00','2020-08-08 00:00:00','test@test.com'),(902,1,2,2,18,1,2,2020,NULL,NULL,'2020-21',9,10,'\'\'','2020-04-14 00:00:00','2020-08-08 00:00:00','prabhashanth@gmail.com'),(903,1,3,3,19,2,1,2020,NULL,NULL,'2019-20',6,10,'\'\'','2020-01-10 00:00:00','2020-08-08 00:00:00','fgh@test.com'),(904,1,4,4,20,3,2,2020,NULL,NULL,'2020-21',9,10,'\'\'','2020-03-11 00:00:00','2020-08-08 00:00:00','seniorteacher@test.com'),(905,1,5,5,21,4,1,2020,NULL,NULL,'2019-20',7,10,'\'\'','2019-12-14 00:00:00','2020-08-08 00:00:00','test@gmail.com'),(906,1,6,1,22,5,2,2020,NULL,NULL,'2020-21',9,10,'\'\'','2020-02-21 00:00:00','2020-08-08 00:00:00','fgh@test.com'),(907,1,7,2,23,6,1,2020,NULL,NULL,'2019-20',9,10,'\'\'','2020-02-20 00:00:00','2020-08-08 00:00:00','test@test.com'),(908,1,8,3,24,7,2,2020,NULL,NULL,'2020-21',6,10,'\'\'','2020-03-05 00:00:00','2020-08-08 00:00:00','test@test.com'),(909,1,9,4,25,8,1,2020,NULL,NULL,'2019-20',5,10,'\'\'','2019-12-05 00:00:00','2020-08-08 00:00:00','test@gmail.com'),(910,1,10,5,26,9,2,2020,NULL,NULL,'2020-21',5,10,'\'\'','2019-12-20 00:00:00','2020-08-08 00:00:00','test@gmail.com'),(911,1,11,1,1,10,1,2020,NULL,NULL,'2019-20',6,10,'\'\'','2020-04-03 00:00:00','2020-08-08 00:00:00','prabhashanth@gmail.com'),(912,1,12,2,2,11,2,2020,NULL,NULL,'2020-21',5,10,'\'\'','2020-04-02 00:00:00','2020-08-08 00:00:00','test@gmail.com'),(913,1,13,3,3,12,1,2020,NULL,NULL,'2019-20',8,10,'\'\'','2020-06-03 00:00:00','2020-08-08 00:00:00','test@test.com'),(914,1,14,4,4,13,2,2020,NULL,NULL,'2020-21',8,10,'\'\'','2020-02-01 00:00:00','2020-08-08 00:00:00','test@gmail.com'),(915,1,15,5,5,14,1,2020,NULL,NULL,'2019-20',9,10,'\'\'','2019-12-28 00:00:00','2020-08-08 00:00:00','prabhashanth@gmail.com'),(916,1,16,1,6,15,2,2020,NULL,NULL,'2020-21',9,10,'\'\'','2020-05-21 00:00:00','2020-08-08 00:00:00','prabhashanth@gmail.com'),(917,1,17,2,7,16,1,2020,NULL,NULL,'2019-20',5,10,'\'\'','2020-01-17 00:00:00','2020-08-08 00:00:00','fgh@test.com'),(918,1,18,3,8,17,2,2020,NULL,NULL,'2020-21',6,10,'\'\'','2020-07-01 00:00:00','2020-08-08 00:00:00','test@test.com'),(919,1,19,4,9,1,1,2020,NULL,NULL,'2019-20',5,10,'\'\'','2020-01-12 00:00:00','2020-08-08 00:00:00','test@test.com'),(920,1,20,5,10,2,2,2020,NULL,NULL,'2020-21',9,10,'\'\'','2019-09-25 00:00:00','2020-08-08 00:00:00','test@test.com'),(921,1,21,1,11,3,1,2020,NULL,NULL,'2019-20',6,10,'\'\'','2020-07-31 00:00:00','2020-08-08 00:00:00','test@gmail.com'),(922,1,22,2,12,4,2,2020,NULL,NULL,'2020-21',9,10,'\'\'','2019-11-29 00:00:00','2020-08-08 00:00:00','fgh@test.com'),(923,1,23,3,13,5,1,2020,NULL,NULL,'2019-20',9,10,'\'\'','2020-04-06 00:00:00','2020-08-08 00:00:00','prabhashanth@gmail.com'),(924,1,24,4,14,6,2,2020,NULL,NULL,'2020-21',5,10,'\'\'','2020-04-10 00:00:00','2020-08-08 00:00:00','test@test.com'),(925,1,25,5,15,7,1,2020,NULL,NULL,'2019-20',6,10,'\'\'','2020-06-12 00:00:00','2020-08-08 00:00:00','test@test.com'),(926,1,26,1,16,8,2,2020,NULL,NULL,'2020-21',5,10,'\'\'','2020-03-04 00:00:00','2020-08-08 00:00:00','test@gmail.com'),(927,1,27,2,17,9,1,2020,NULL,NULL,'2019-20',6,10,'\'\'','2020-02-09 00:00:00','2020-08-08 00:00:00','test@test.com'),(928,1,28,3,18,10,2,2020,NULL,NULL,'2020-21',5,10,'\'\'','2020-03-04 00:00:00','2020-08-08 00:00:00','prabhashanth@gmail.com'),(929,1,29,4,19,11,1,2020,NULL,NULL,'2019-20',5,10,'\'\'','2020-05-15 00:00:00','2020-08-08 00:00:00','seniorteacher@test.com'),(930,1,30,5,20,12,2,2020,NULL,NULL,'2020-21',9,10,'\'\'','2020-02-03 00:00:00','2020-08-08 00:00:00','test@test.com'),(931,1,31,1,21,13,1,2020,NULL,NULL,'2019-20',5,10,'\'\'','2020-05-01 00:00:00','2020-08-08 00:00:00','test@gmail.com'),(932,1,32,2,22,14,2,2020,NULL,NULL,'2020-21',6,10,'\'\'','2020-07-28 00:00:00','2020-08-08 00:00:00','test@test.com'),(933,1,33,3,23,15,1,2020,NULL,NULL,'2019-20',9,10,'\'\'','2020-03-05 00:00:00','2020-08-08 00:00:00','test@test.com'),(934,1,34,4,24,16,2,2020,NULL,NULL,'2020-21',9,10,'\'\'','2019-12-29 00:00:00','2020-08-08 00:00:00','fgh@test.com'),(935,1,35,5,25,17,1,2020,NULL,NULL,'2019-20',5,10,'\'\'','2020-05-17 00:00:00','2020-08-08 00:00:00','prabhashanth@gmail.com'),(936,1,36,1,26,1,2,2020,NULL,NULL,'2020-21',6,10,'\'\'','2020-01-09 00:00:00','2020-08-08 00:00:00','prabhashanth@gmail.com'),(937,1,37,2,1,2,1,2020,NULL,NULL,'2019-20',6,10,'\'\'','2019-11-16 00:00:00','2020-08-08 00:00:00','test@test.com'),(938,1,38,3,2,3,2,2020,NULL,NULL,'2020-21',9,10,'\'\'','2020-06-05 00:00:00','2020-08-08 00:00:00','seniorteacher@test.com'),(939,1,39,4,3,4,1,2020,NULL,NULL,'2019-20',8,10,'\'\'','2020-04-01 00:00:00','2020-08-08 00:00:00','prabhashanth@gmail.com'),(940,1,40,5,4,5,2,2020,NULL,NULL,'2020-21',7,10,'\'\'','2020-07-05 00:00:00','2020-08-08 00:00:00','test@gmail.com'),(941,1,41,1,5,6,1,2020,NULL,NULL,'2019-20',8,10,'\'\'','2019-12-24 00:00:00','2020-08-08 00:00:00','prabhashanth@gmail.com'),(942,1,42,2,6,7,2,2020,NULL,NULL,'2020-21',7,10,'\'\'','2019-10-31 00:00:00','2020-08-08 00:00:00','test@test.com'),(943,1,43,3,7,8,1,2020,NULL,NULL,'2019-20',5,10,'\'\'','2020-05-02 00:00:00','2020-08-08 00:00:00','seniorteacher@test.com'),(944,1,44,4,8,9,2,2020,NULL,NULL,'2020-21',5,10,'\'\'','2020-07-26 00:00:00','2020-08-08 00:00:00','test@gmail.com'),(945,1,45,5,9,10,1,2020,NULL,NULL,'2019-20',8,10,'\'\'','2020-01-09 00:00:00','2020-08-08 00:00:00','seniorteacher@test.com'),(946,1,46,1,10,11,2,2020,NULL,NULL,'2020-21',6,10,'\'\'','2020-01-03 00:00:00','2020-08-08 00:00:00','test@gmail.com'),(947,1,47,2,11,12,1,2020,NULL,NULL,'2019-20',6,10,'\'\'','2020-06-27 00:00:00','2020-08-08 00:00:00','test@test.com'),(948,1,48,3,12,13,2,2020,NULL,NULL,'2020-21',7,10,'\'\'','2019-11-05 00:00:00','2020-08-08 00:00:00','test@test.com'),(949,1,49,4,13,14,1,2020,NULL,NULL,'2019-20',9,10,'\'\'','2019-11-11 00:00:00','2020-08-08 00:00:00','seniorteacher@test.com'),(950,1,50,5,14,15,2,2020,NULL,NULL,'2020-21',5,10,'\'\'','2019-09-08 00:00:00','2020-08-08 00:00:00','fgh@test.com'),(951,1,51,1,15,16,1,2020,NULL,NULL,'2019-20',8,10,'\'\'','2020-05-27 00:00:00','2020-08-08 00:00:00','prabhashanth@gmail.com'),(952,1,52,2,16,17,2,2020,NULL,NULL,'2020-21',5,10,'\'\'','2020-04-01 00:00:00','2020-08-08 00:00:00','fgh@test.com'),(953,1,53,3,17,1,1,2020,NULL,NULL,'2019-20',5,10,'\'\'','2019-08-14 00:00:00','2020-08-08 00:00:00','test@test.com'),(954,1,54,4,18,2,2,2020,NULL,NULL,'2020-21',8,10,'\'\'','2020-06-08 00:00:00','2020-08-08 00:00:00','prabhashanth@gmail.com'),(955,1,55,5,19,3,1,2020,NULL,NULL,'2019-20',5,10,'\'\'','2020-02-05 00:00:00','2020-08-08 00:00:00','test@gmail.com'),(956,1,56,1,20,4,2,2020,NULL,NULL,'2020-21',7,10,'\'\'','2020-08-01 00:00:00','2020-08-08 00:00:00','seniorteacher@test.com'),(957,1,57,2,21,5,1,2020,NULL,NULL,'2019-20',5,10,'\'\'','2019-10-05 00:00:00','2020-08-08 00:00:00','test@gmail.com'),(958,1,58,3,22,6,2,2020,NULL,NULL,'2020-21',9,10,'\'\'','2020-06-10 00:00:00','2020-08-08 00:00:00','prabhashanth@gmail.com'),(959,1,59,4,23,7,1,2020,NULL,NULL,'2019-20',9,10,'\'\'','2020-06-07 00:00:00','2020-08-08 00:00:00','seniorteacher@test.com'),(960,1,60,5,24,8,2,2020,NULL,NULL,'2020-21',5,10,'\'\'','2020-02-08 00:00:00','2020-08-08 00:00:00','test@gmail.com'),(961,1,61,1,25,9,1,2020,NULL,NULL,'2019-20',9,10,'\'\'','2019-11-01 00:00:00','2020-08-08 00:00:00','seniorteacher@test.com'),(962,1,62,2,26,10,2,2020,NULL,NULL,'2020-21',8,10,'\'\'','2019-12-16 00:00:00','2020-08-08 00:00:00','fgh@test.com'),(963,1,63,3,1,11,1,2020,NULL,NULL,'2019-20',7,10,'\'\'','2020-07-10 00:00:00','2020-08-08 00:00:00','prabhashanth@gmail.com'),(964,1,64,4,2,12,2,2020,NULL,NULL,'2020-21',9,10,'\'\'','2020-03-04 00:00:00','2020-08-08 00:00:00','test@gmail.com'),(965,1,65,5,3,13,1,2020,NULL,NULL,'2019-20',9,10,'\'\'','2020-01-19 00:00:00','2020-08-08 00:00:00','test@test.com'),(966,1,66,1,4,14,2,2020,NULL,NULL,'2020-21',9,10,'\'\'','2020-01-11 00:00:00','2020-08-08 00:00:00','test@test.com'),(967,1,67,2,5,15,1,2020,NULL,NULL,'2019-20',8,10,'\'\'','2020-06-06 00:00:00','2020-08-08 00:00:00','prabhashanth@gmail.com'),(968,1,68,3,6,16,2,2020,NULL,NULL,'2020-21',7,10,'\'\'','2019-12-28 00:00:00','2020-08-08 00:00:00','test@test.com'),(969,1,69,4,7,17,1,2020,NULL,NULL,'2019-20',6,10,'\'\'','2019-12-09 00:00:00','2020-08-08 00:00:00','fgh@test.com'),(970,1,70,5,8,1,2,2020,NULL,NULL,'2020-21',9,10,'\'\'','2020-02-28 00:00:00','2020-08-08 00:00:00','prabhashanth@gmail.com'),(971,1,71,1,9,2,1,2020,NULL,NULL,'2019-20',6,10,'\'\'','2020-07-22 00:00:00','2020-08-08 00:00:00','prabhashanth@gmail.com'),(972,1,72,2,10,3,2,2020,NULL,NULL,'2020-21',5,10,'\'\'','2020-03-22 00:00:00','2020-08-08 00:00:00','fgh@test.com'),(973,1,73,3,11,4,1,2020,NULL,NULL,'2019-20',5,10,'\'\'','2020-06-28 00:00:00','2020-08-08 00:00:00','test@gmail.com'),(974,1,74,4,12,5,2,2020,NULL,NULL,'2020-21',7,10,'\'\'','2019-09-27 00:00:00','2020-08-08 00:00:00','test@test.com'),(975,1,75,5,13,6,1,2020,NULL,NULL,'2019-20',5,10,'\'\'','2019-12-27 00:00:00','2020-08-08 00:00:00','prabhashanth@gmail.com'),(976,1,76,1,14,7,2,2020,NULL,NULL,'2020-21',7,10,'\'\'','2019-11-07 00:00:00','2020-08-08 00:00:00','fgh@test.com'),(977,1,77,2,15,8,1,2020,NULL,NULL,'2019-20',8,10,'\'\'','2020-03-10 00:00:00','2020-08-08 00:00:00','test@test.com'),(978,1,78,3,16,9,2,2020,NULL,NULL,'2020-21',6,10,'\'\'','2020-01-15 00:00:00','2020-08-08 00:00:00','prabhashanth@gmail.com'),(979,1,79,4,17,10,1,2020,NULL,NULL,'2019-20',5,10,'\'\'','2020-03-27 00:00:00','2020-08-08 00:00:00','test@gmail.com'),(980,1,80,5,18,11,2,2020,NULL,NULL,'2020-21',8,10,'\'\'','2020-04-25 00:00:00','2020-08-08 00:00:00','fgh@test.com'),(981,1,81,1,19,12,1,2020,NULL,NULL,'2019-20',9,10,'\'\'','2019-11-07 00:00:00','2020-08-08 00:00:00','test@gmail.com'),(982,1,82,2,20,13,2,2020,NULL,NULL,'2020-21',8,10,'\'\'','2020-08-05 00:00:00','2020-08-08 00:00:00','test@test.com'),(983,1,83,3,21,14,1,2020,NULL,NULL,'2019-20',7,10,'\'\'','2019-10-27 00:00:00','2020-08-08 00:00:00','test@gmail.com'),(984,1,84,4,22,15,2,2020,NULL,NULL,'2020-21',7,10,'\'\'','2020-02-16 00:00:00','2020-08-08 00:00:00','test@gmail.com'),(985,1,85,5,23,16,1,2020,NULL,NULL,'2019-20',9,10,'\'\'','2020-05-22 00:00:00','2020-08-08 00:00:00','test@test.com'),(986,1,86,1,24,17,2,2020,NULL,NULL,'2020-21',9,10,'\'\'','2020-08-04 00:00:00','2020-08-08 00:00:00','test@gmail.com'),(987,1,87,2,25,1,1,2020,3,3,'2019-20',8,10,'\'\'','2020-04-14 00:00:00','2020-08-08 00:00:00','fgh@test.com'),(988,1,88,3,26,2,2,2020,NULL,NULL,'2020-21',6,10,'\'\'','2020-06-30 00:00:00','2020-08-08 00:00:00','test@test.com'),(989,1,89,4,1,3,1,2020,NULL,NULL,'2019-20',7,10,'\'\'','2020-04-23 00:00:00','2020-08-08 00:00:00','prabhashanth@gmail.com'),(990,1,90,5,2,4,2,2020,NULL,NULL,'2020-21',9,10,'\'\'','2019-10-08 00:00:00','2020-08-08 00:00:00','fgh@test.com'),(991,1,91,1,3,5,1,2020,NULL,NULL,'2019-20',6,10,'\'\'','2020-04-24 00:00:00','2020-08-08 00:00:00','prabhashanth@gmail.com'),(992,1,92,2,4,6,2,2020,NULL,NULL,'2020-21',9,10,'\'\'','2020-01-17 00:00:00','2020-08-08 00:00:00','fgh@test.com'),(993,1,93,3,5,7,1,2020,NULL,NULL,'2019-20',5,10,'\'\'','2020-05-07 00:00:00','2020-08-08 00:00:00','prabhashanth@gmail.com'),(994,1,94,4,6,8,2,2020,NULL,NULL,'2020-21',8,10,'\'\'','2020-06-22 00:00:00','2020-08-08 00:00:00','prabhashanth@gmail.com'),(995,1,95,5,7,9,1,2020,NULL,NULL,'2019-20',7,10,'\'\'','2019-10-18 00:00:00','2020-08-08 00:00:00','fgh@test.com'),(996,1,96,1,8,10,2,2020,NULL,NULL,'2020-21',6,10,'\'\'','2020-06-18 00:00:00','2020-08-08 00:00:00','fgh@test.com'),(997,1,97,2,9,11,1,2020,NULL,NULL,'2019-20',7,10,'\'\'','2020-02-18 00:00:00','2020-08-08 00:00:00','test@test.com'),(998,1,98,3,10,12,2,2020,NULL,NULL,'2020-21',9,10,'\'\'','2019-10-11 00:00:00','2020-08-08 00:00:00','seniorteacher@test.com'),(999,1,99,4,11,13,1,2020,NULL,NULL,'2019-20',9,10,'\'\'','2019-09-11 00:00:00','2020-08-08 00:00:00','prabhashanth@gmail.com'),(1000,1,100,5,12,14,2,2020,NULL,NULL,'2020-21',7,10,'\'\'','2020-06-18 00:00:00','2020-08-08 00:00:00','test@test.com');
/*!40000 ALTER TABLE `assessment_result` ENABLE KEYS */;
UNLOCK TABLES;

--
-- Table structure for table `assessment_skill`
--

DROP TABLE IF EXISTS `assessment_skill`;
/*!40101 SET @saved_cs_client     = @@character_set_client */;
/*!50503 SET character_set_client = utf8mb4 */;
CREATE TABLE `assessment_skill` (
  `id` int NOT NULL AUTO_INCREMENT,
  `skill_name` varchar(200) NOT NULL,
  `skill_code` varchar(50) NOT NULL,
  `subject_id` int NOT NULL,
  `category_id` int NOT NULL,
  `isactive` tinyint(1) NOT NULL DEFAULT '1',
  PRIMARY KEY (`id`),
  UNIQUE KEY `skill_name_UNIQUE` (`skill_name`),
  UNIQUE KEY `skill_code_UNIQUE` (`skill_code`),
  KEY `subject_id` (`subject_id`),
  KEY `assesment_category_id` (`category_id`)
) ENGINE=MyISAM AUTO_INCREMENT=178 DEFAULT CHARSET=latin1;
/*!40101 SET character_set_client = @saved_cs_client */;

--
-- Dumping data for table `assessment_skill`
--

LOCK TABLES `assessment_skill` WRITE;
/*!40000 ALTER TABLE `assessment_skill` DISABLE KEYS */;
INSERT INTO `assessment_skill` VALUES (1,'Attentiveness','ATTNTV_L_LANG',1,1,1),(2,'Comprehension','CMPRHN_L_LANG',1,1,1),(3,'Picture_Talk','PT_S_LANG',1,2,1),(4,'Story_Telling','ST_S_LANG',1,2,1),(5,'Conversation','C_S_LANG',1,2,1),(6,'Phonetic_Sound','PS_S_LANG',1,3,1),(7,'Pronunciation','PH_S_LANG',1,3,1),(8,'Fluency','FL_S_LANG',1,3,1),(9,'Vocabulary','VB_W_LANG',1,4,1),(10,'Spelling','SP_W_LANG',1,4,1),(11,'Neatness','NN_W_LANG',1,4,1),(12,'Addition ','AD_B_MATH',2,5,1),(13,'Subtraction','SB_B_MATH',2,5,1),(14,'Multiplication','MP_B_MATH',2,5,1),(15,'Division','DV_B_MATH',2,5,1),(16,'Decimals','DM_B_MATH',2,5,1),(17,'Fractions','FR_B_MATH',2,5,1);
/*!40000 ALTER TABLE `assessment_skill` ENABLE KEYS */;
UNLOCK TABLES;

--
-- Table structure for table `cluster`
--

DROP TABLE IF EXISTS `cluster`;
/*!40101 SET @saved_cs_client     = @@character_set_client */;
/*!50503 SET character_set_client = utf8mb4 */;
CREATE TABLE `cluster` (
  `id` int NOT NULL AUTO_INCREMENT,
  `cluster_name` varchar(200) CHARACTER SET latin1 COLLATE latin1_swedish_ci NOT NULL,
  `isactive` tinyint(1) NOT NULL DEFAULT '1',
  `isdeprecated` tinyint(1) NOT NULL DEFAULT '0',
  PRIMARY KEY (`id`)
) ENGINE=InnoDB AUTO_INCREMENT=27 DEFAULT CHARSET=utf8mb4 COLLATE=utf8mb4_0900_ai_ci;
/*!40101 SET character_set_client = @saved_cs_client */;

--
-- Dumping data for table `cluster`
--

LOCK TABLES `cluster` WRITE;
/*!40000 ALTER TABLE `cluster` DISABLE KEYS */;
INSERT INTO `cluster` VALUES (1,'Anekal',1,0),(2,'Anjanapura',1,0),(3,'Bagepalli',1,0),(4,'Bellary',1,0),(5,'Hebbala',1,0),(6,'Hongasandra',1,0),(7,'HSR Layout',1,0),(8,'Jambusavari Dinne',1,0),(9,'Jigani',1,0),(10,'Jnanagiri',1,0),(11,'Kaggalipura',1,0),(12,'Kalburgi',1,0),(13,'Kunigal',1,0),(14,'Lalbagh',1,0),(15,'Padmanabha Nagar',1,0),(16,'Rajarajeshwari Nagar',1,0),(17,'Sarakki',1,0),(18,'Sarjapura',1,0),(19,'Sunkadakatte',1,0),(20,'Tataguni',1,0),(21,'Uttarahalli',1,0),(22,'Veerabhadra Nagar',1,0),(23,'Weavers Colony',1,0),(26,'Bellary_New',1,1);
/*!40000 ALTER TABLE `cluster` ENABLE KEYS */;
UNLOCK TABLES;

--
-- Table structure for table `kalika_kendra`
--

DROP TABLE IF EXISTS `kalika_kendra`;
/*!40101 SET @saved_cs_client     = @@character_set_client */;
/*!50503 SET character_set_client = utf8mb4 */;
CREATE TABLE `kalika_kendra` (
  `id` int NOT NULL AUTO_INCREMENT,
  `kalika_kendra_name` varchar(200) NOT NULL,
  `cluster_id` varchar(10) NOT NULL,
  `isactive` tinyint(1) NOT NULL DEFAULT '1',
  `isdeprecated` tinyint(1) NOT NULL DEFAULT '0',
  PRIMARY KEY (`id`)
) ENGINE=MyISAM AUTO_INCREMENT=102 DEFAULT CHARSET=latin1;
/*!40101 SET character_set_client = @saved_cs_client */;

--
-- Dumping data for table `kalika_kendra`
--

LOCK TABLES `kalika_kendra` WRITE;
/*!40000 ALTER TABLE `kalika_kendra` DISABLE KEYS */;
INSERT INTO `kalika_kendra` VALUES (1,'ANEKAL 1','1',1,0),(2,'ANEKAL 2','1',1,0),(3,'CD HOSAKOTE','1',1,0),(4,'CHENNENA AGRAHARA','1',1,0),(5,'CHIKKAHOSALLI','1',1,0),(6,'GUDDAHATTI','1',1,0),(7,'INDALAWADI','1',1,0),(8,'KOMARANA HALLI','1',1,0),(9,'KUVEMPUNAGARA 1','1',1,0),(10,'KUVEMPUNAGARA 2','1',1,0),(11,'MARANAYAKANAHALLI','1',1,0),(12,'SABMANGALA','1',1,0),(13,'THAMMANAYAKANA HALLI','1',1,0),(14,'ANJANA PURA','2',1,0),(15,'KEMBATTA HALLI','2',1,0),(16,'BAGEPALLI','3',1,0),(17,'HOSPETE','4',1,0),(18,'DEVINAGAR','5',1,0),(19,'BILEKAHALLI','6',1,0),(20,'HONGSANDRA 1','6',1,0),(21,'HONGSANDRA 2','6',1,0),(23,'KUDLU GATE','6',1,0),(24,'ADUGODI','7',1,0),(25,'HSR','7',1,0),(26,'SIDDARTHA NAGARA','7',1,0),(27,'J S DINNE','8',1,0),(28,'KATERAMMA LAYOUT','8',1,0),(29,'KOTHANUR','8',1,0),(30,'KOTHANUR DINNE','8',1,0),(31,'NAGACHAMUNDI','8',1,0),(32,'PUTTENALLI','8',1,0),(33,'RBI LAY OUT','8',1,0),(34,'GANAPATHI PURA','10',1,0),(35,'HARINAGARA','10',1,0),(36,'JNANAGIRI','10',1,0),(37,'JNANAGIRI 1','10',1,0),(38,'JNANAGIRI 2','10',1,0),(40,'DODDA KALLASANDRA','10',1,0),(41,'EDUMADU','11',1,0),(42,'GULAKAMALE','11',1,0),(43,'KAGGALIPURA 1','11',1,0),(44,'KAGGALIPURA COLONY','11',1,0),(45,'KAGGALIPURA-2','11',1,0),(46,'KAGGLIPURA-3','11',1,0),(47,'RAVGODLU 1','11',1,0),(48,'RAVGODLU 2','11',1,0),(49,'CHITTAPURA','12',1,0),(50,'KUNIGAL','13',1,0),(51,'CHAMARAJAPETE','14',1,0),(52,'DODDA MAVALLI','14',1,0),(53,'GOWRIPALYA','14',1,0),(54,'SIDDAPURA','14',1,0),(55,'SUDHAMA NAGARA','14',1,0),(56,'SUDHAMA NAGARA2','14',1,0),(57,'WILSON GARDEN','14',1,0),(58,'CHIKKALLASANDRA','15',1,0),(59,'KATRAGUPPE','15',1,0),(60,'NAGASANDRA CIRCLE','15',1,0),(61,'P B NAGAR','15',1,0),(62,'HALGEVADERA HALLI','16',1,0),(63,'KENGERI','16',1,0),(64,'R R NAGAR','16',1,0),(65,'MARENAHALLI','17',1,0),(66,'ROSEGARDEN','17',1,0),(67,'SARAKKI AMBEDKAR BHAVAN','17',1,0),(68,'SARAKKI GATE','17',1,0),(69,'SARAKKI K P S','17',1,0),(70,'SARAKKI RANGAMANDIRA','17',1,0),(72,'SHAKAMBARI NAGARA','17',1,0),(73,'ADIGARA KALLAHALLI','18',1,0),(74,'DOMMASANDRA ','18',1,0),(75,'JANATHA COLONY','18',1,0),(76,'PANATTUR','18',1,0),(77,'HONAGANA HATTI','19',1,0),(79,'SUNKADAKATTE','19',1,0),(80,'VIJAYANAGAR','19',1,0),(81,'RAJIVGANDHI NAGARA','20',1,0),(83,'TATAGUNI','20',1,0),(84,'THALGATTAPURA','20',1,0),(85,'UDIPALYA','20',1,0),(86,'UTTARI','20',1,0),(87,'AREHALLI','21',1,0),(88,'PP LAYOUT','21',1,0),(90,'YADALAM NAGAR','21',1,0),(91,'ITTAMADU','22',1,0),(92,'V B NAGAR 2','22',1,0),(93,'VB NAGAR 1','22',1,0),(94,'NBN  SHALE','23',1,0),(95,'PILLAGANA HALLI','23',1,0),(96,'RAMA LINGESHWARA TEMPLE','23',1,0),(98,'SHANABHOGANA HALLI','23',1,0),(99,'WC 12TH CROSS','23',1,0),(101,'ANEKAL 4','4',1,0);
/*!40000 ALTER TABLE `kalika_kendra` ENABLE KEYS */;
UNLOCK TABLES;

--
-- Table structure for table `organization`
--

DROP TABLE IF EXISTS `organization`;
/*!40101 SET @saved_cs_client     = @@character_set_client */;
/*!50503 SET character_set_client = utf8mb4 */;
CREATE TABLE `organization` (
  `id` int NOT NULL AUTO_INCREMENT,
  `organization_name` varchar(200) NOT NULL,
  `organization_desc` varchar(50) NOT NULL,
  `isactive` tinyint(1) NOT NULL DEFAULT '1',
  PRIMARY KEY (`id`),
  UNIQUE KEY `organization_name_unique` (`organization_name`)
) ENGINE=MyISAM AUTO_INCREMENT=8 DEFAULT CHARSET=latin1;
/*!40101 SET character_set_client = @saved_cs_client */;

--
-- Dumping data for table `organization`
--

LOCK TABLES `organization` WRITE;
/*!40000 ALTER TABLE `organization` DISABLE KEYS */;
INSERT INTO `organization` VALUES (1,'Abhyudaya','Abhyudaya',1),(2,'Kalikakendra','Kalikakendra',1),(3,'Jananagiri','Jananagiri',1),(4,'PUCommerce','PUCommerce',1),(5,'PUScience','PUScience',1),(6,'Kaushalya','Kaushalya',1);
/*!40000 ALTER TABLE `organization` ENABLE KEYS */;
UNLOCK TABLES;

--
-- Table structure for table `student`
--

DROP TABLE IF EXISTS `student`;
/*!40101 SET @saved_cs_client     = @@character_set_client */;
/*!50503 SET character_set_client = utf8mb4 */;
CREATE TABLE `student` (
  `id` int NOT NULL AUTO_INCREMENT,
  `student_name` varchar(150) NOT NULL,
  `gender` enum('Male','Female') DEFAULT NULL,
  `aadhar` varchar(50) DEFAULT NULL,
  `class_std` varchar(20) DEFAULT NULL,
  `kalika_kendra_id` varchar(100) DEFAULT NULL,
  `cluster_id` varchar(100) DEFAULT NULL,
  `father_name` varchar(150) DEFAULT NULL,
  `father_occupation` varchar(150) DEFAULT NULL,
  `mother_name` varchar(150) DEFAULT NULL,
  `mother_occupation` varchar(150) DEFAULT NULL,
  `contact` varchar(15) DEFAULT NULL,
  `isactive` enum('Active','Inactive') DEFAULT 'Active',
  `register_date` timestamp NULL DEFAULT CURRENT_TIMESTAMP,
  `modified_date` datetime DEFAULT CURRENT_TIMESTAMP,
  `modified_by` varchar(100) DEFAULT NULL,
  `dob` varchar(15) DEFAULT NULL,
  PRIMARY KEY (`id`),
  UNIQUE KEY `aadhar` (`aadhar`),
  KEY `kalika_kendra_id` (`kalika_kendra_id`),
  KEY `cluster_id` (`cluster_id`)
) ENGINE=MyISAM AUTO_INCREMENT=301 DEFAULT CHARSET=latin1;
/*!40101 SET character_set_client = @saved_cs_client */;

--
-- Dumping data for table `student`
--

LOCK TABLES `student` WRITE;
/*!40000 ALTER TABLE `student` DISABLE KEYS */;
INSERT INTO `student` VALUES (1,'Redd Dufoure','Female','236-73-2406','9','92','13','Redd','Technical Writer','Ophelie','Cost Accountant','483-374-8585','Active','2020-04-17 18:30:00','2019-11-21 00:00:00','fgh@test.com','2001-04-05'),(2,'Siward Alam','Female','360-67-3817','6','93','18','Siward','Safety Technician I','Kania','Research Nurse','183-237-4516','Active','2019-09-02 18:30:00','2019-08-31 00:00:00','fgh@test.com','2002-01-29'),(3,'Garfield Kenington','Male','786-90-2750','6','50','5','Garfield','Web Developer IV','Enriqueta','Recruiter','901-543-1504','Active','2020-01-13 18:30:00','2019-10-29 00:00:00','prabhashanth@gmail.com','2006-04-02'),(4,'Geoffry Standbrooke','Male','192-65-9024','9','9','23','Geoffry','Software Test Engineer II','Arlana','Account Representative III','928-085-9327','Active','2019-12-10 18:30:00','2020-04-14 00:00:00','prabhashanth@gmail.com','2004-07-15'),(5,'Thorny Letch','Female','867-60-8276','4','66','17','Thorny','Product Engineer','Terry','Structural Engineer','767-650-0606','Active','2019-11-27 18:30:00','2019-11-17 00:00:00','test@gmail.com','2006-12-13'),(6,'Anatollo Giorgielli','Female','653-42-4422','9','83','1','Anatollo','Senior Editor','Alfi','Nurse Practicioner','901-518-7617','Active','2020-06-12 18:30:00','2020-05-02 00:00:00','prabhashanth@gmail.com','2001-07-03'),(7,'Keven Thay','Female','504-80-7905','5','29','19','Keven','Graphic Designer','Angela','Structural Engineer','472-409-0072','Active','2020-07-01 18:30:00','2019-08-22 00:00:00','test@gmail.com','2008-06-26'),(8,'Renaud Camplin','Female','178-06-7363','8','91','9','Renaud','Analyst Programmer','Lanny','Nurse Practicioner','396-949-4163','Active','2020-02-26 18:30:00','2020-05-31 00:00:00','test@gmail.com','2005-10-24'),(9,'Nathanial Pawle','Male','553-11-8329','1','101','16','Nathanial','Junior Executive','Audie','VP Sales','133-707-6115','Active','2019-12-31 18:30:00','2019-09-02 00:00:00','test@test.com','2005-01-17'),(10,'Thibaud Sandilands','Male','574-63-5214','10','91','13','Thibaud','Web Developer IV','Martha','Office Assistant I','698-155-3488','Active','2019-09-08 18:30:00','2020-03-20 00:00:00','test@test.com','2004-06-19'),(11,'Frederic Lanchbury','Female','780-20-8691','10','69','17','Frederic','Civil Engineer','Mela','Human Resources Manager','704-806-2133','Active','2019-08-28 18:30:00','2020-05-08 00:00:00','prabhashanth@gmail.com','2007-07-21'),(12,'Rolland Antonomoli','Male','596-26-0476','2','72','10','Rolland','Teacher','Robenia','Compensation Analyst','848-030-8577','Active','2020-06-02 18:30:00','2020-05-23 00:00:00','fgh@test.com','2006-10-03'),(13,'Way Alderwick','Female','221-42-0044','4','13','13','Way','Associate Professor','Rosabel','Senior Editor','606-083-2235','Active','2020-07-02 18:30:00','2020-03-09 00:00:00','test@gmail.com','2007-01-27'),(14,'Hilly McSkeagan','Male','664-11-8801','8','48','13','Hilly','GIS Technical Architect','Sarine','Social Worker','445-706-5237','Active','2019-09-04 18:30:00','2019-11-01 00:00:00','seniorteacher@test.com','2008-05-10'),(15,'Donalt Rossbrooke','Female','181-19-0651','6','29','4','Donalt','Human Resources Assistant II','Cristy','Legal Assistant','710-561-0333','Active','2020-03-01 18:30:00','2019-11-30 00:00:00','prabhashanth@gmail.com','2004-10-18'),(16,'Alexandro Chatelet','Male','302-42-1877','3','75','9','Alexandro','Librarian','Mommy','Librarian','113-265-5209','Active','2020-04-03 18:30:00','2020-08-01 00:00:00','test@test.com','2006-08-13'),(17,'Sloane Dovington','Female','171-19-1684','6','25','23','Sloane','Senior Editor','Louisette','Computer Systems Analyst IV','540-654-7609','Active','2020-08-05 18:30:00','2020-02-17 00:00:00','fgh@test.com','2006-11-15'),(18,'Lonny Inett','Female','109-64-4147','4','7','12','Lonny','Social Worker','Lillian','Senior Financial Analyst','182-241-9785','Active','2019-12-23 18:30:00','2020-02-20 00:00:00','prabhashanth@gmail.com','2004-03-29'),(19,'Anatol Poolman','Male','634-93-1594','3','37','20','Anatol','Programmer III','Jandy','Recruiting Manager','023-066-3621','Active','2020-03-28 18:30:00','2020-02-02 00:00:00','test@test.com','2002-07-17'),(20,'Chance Chatelet','Female','680-13-7670','6','49','26','Chance','Recruiter','Edi','Electrical Engineer','400-768-3259','Active','2019-08-16 18:30:00','2020-06-18 00:00:00','prabhashanth@gmail.com','2008-10-16'),(21,'Dimitry Mathou','Male','349-83-3998','3','14','21','Dimitry','Accounting Assistant II','Philippa','Budget/Accounting Analyst IV','267-228-9203','Active','2020-06-04 18:30:00','2019-09-10 00:00:00','test@test.com','2004-08-28'),(22,'Cristiano Braz','Male','184-97-0678','8','14','14','Cristiano','Product Engineer','Ermengarde','Senior Developer','971-243-7515','Active','2020-05-19 18:30:00','2020-08-03 00:00:00','fgh@test.com','2004-07-07'),(23,'Amos Stirgess','Male','410-59-8788','3','32','20','Amos','Environmental Tech','Elmira','Librarian','874-948-0574','Active','2020-01-03 18:30:00','2019-08-14 00:00:00','fgh@test.com','2005-03-10'),(24,'Lorry Genney','Male','861-54-0156','1','46','12','Lorry','Electrical Engineer','Kattie','Compensation Analyst','041-299-9064','Active','2020-05-05 18:30:00','2020-05-11 00:00:00','seniorteacher@test.com','2006-02-13'),(25,'Nehemiah Budd','Male','620-35-6683','10','91','13','Nehemiah','Chief Design Engineer','Maddie','Software Engineer II','136-481-4568','Active','2020-08-03 18:30:00','2020-03-13 00:00:00','test@gmail.com','2002-09-10'),(26,'Alberto Gooday','Female','579-41-0966','9','54','9','Alberto','GIS Technical Architect','Karlene','Recruiting Manager','094-191-5120','Active','2020-04-06 18:30:00','2020-03-18 00:00:00','test@test.com','2005-10-04'),(27,'Mick Le Lievre','Female','867-43-2448','1','35','7','Mick','Help Desk Technician','Laurie','Chemical Engineer','264-175-6577','Active','2019-11-19 18:30:00','2020-03-31 00:00:00','test@gmail.com','2010-05-26'),(28,'Leonard Garlic','Female','867-30-8296','9','64','6','Leonard','Legal Assistant','Isahella','Senior Financial Analyst','358-606-9123','Active','2019-12-19 18:30:00','2019-08-29 00:00:00','fgh@test.com','2004-12-04'),(29,'Cassius Phillis','Female','179-12-3457','2','66','8','Cassius','Structural Engineer','Gertrud','Financial Advisor','489-992-1919','Active','2019-11-25 18:30:00','2020-05-02 00:00:00','test@test.com','2001-06-30'),(30,'Orbadiah Kareman','Male','842-70-7802','5','33','23','Orbadiah','Accounting Assistant III','Helli','Developer III','625-579-7534','Active','2020-03-11 18:30:00','2019-11-03 00:00:00','test@test.com','2003-11-05'),(31,'Hobart Cray','Male','109-14-9015','8','32','12','Hobart','Software Engineer III','Jemie','Statistician III','065-768-1684','Active','2020-07-24 18:30:00','2019-08-12 00:00:00','prabhashanth@gmail.com','2009-01-24'),(32,'Cirillo Leglise','Male','727-88-1158','4','64','14','Cirillo','Actuary','Cathe','Developer III','875-404-7516','Active','2020-08-06 18:30:00','2019-08-23 00:00:00','seniorteacher@test.com','2008-11-28'),(33,'Shepperd Brigginshaw','Male','499-82-5003','10','11','14','Shepperd','Financial Analyst','Brandie','VP Marketing','012-713-4640','Active','2019-12-31 18:30:00','2020-05-21 00:00:00','seniorteacher@test.com','2010-01-26'),(34,'Parrnell Shovel','Male','363-63-9110','8','79','26','Parrnell','Marketing Manager','Joby','Occupational Therapist','552-560-0846','Active','2019-09-02 18:30:00','2019-09-28 00:00:00','prabhashanth@gmail.com','2002-10-16'),(35,'Townie Gleasane','Male','303-23-2479','7','9','9','Townie','Software Consultant','Antonietta','Staff Scientist','788-359-7522','Active','2019-11-19 18:30:00','2020-04-08 00:00:00','prabhashanth@gmail.com','2002-06-27'),(36,'Mozes Abell','Male','284-09-0164','5','96','20','Mozes','Product Engineer','Milissent','Financial Analyst','265-820-7948','Active','2020-04-26 18:30:00','2020-02-25 00:00:00','seniorteacher@test.com','2002-10-14'),(37,'Lemuel Hemphill','Female','127-53-0023','5','51','12','Lemuel','Junior Executive','Brina','Design Engineer','892-988-4344','Active','2020-05-23 18:30:00','2020-04-30 00:00:00','seniorteacher@test.com','2007-11-14'),(38,'Dag Rennolds','Female','225-58-8783','1','28','6','Dag','Pharmacist','Aviva','Editor','421-492-8380','Active','2020-06-04 18:30:00','2019-10-08 00:00:00','test@gmail.com','2007-08-04'),(39,'Barnett Ravilus','Male','408-10-0547','5','87','13','Barnett','Pharmacist','Renie','Account Coordinator','769-313-3908','Active','2020-05-10 18:30:00','2020-01-01 00:00:00','test@test.com','2003-03-19'),(40,'Enoch Kernoghan','Male','838-82-5475','4','35','20','Enoch','Data Coordiator','Almira','Research Nurse','663-784-6137','Active','2020-03-12 18:30:00','2020-03-23 00:00:00','seniorteacher@test.com','2003-11-16'),(41,'Lowell Feechan','Male','290-48-1654','9','24','1','Lowell','Legal Assistant','Dorie','Paralegal','030-524-6324','Active','2019-10-30 18:30:00','2019-10-11 00:00:00','test@test.com','2001-01-02'),(42,'Abie Balam','Female','269-68-3346','1','55','7','Abie','Pharmacist','Neda','Financial Advisor','607-024-0879','Active','2020-04-09 18:30:00','2020-02-22 00:00:00','test@gmail.com','2003-04-23'),(43,'Tades Pucknell','Female','600-60-9023','3','52','7','Tades','Dental Hygienist','Laverne','Human Resources Manager','878-580-0613','Active','2019-08-23 18:30:00','2019-08-29 00:00:00','prabhashanth@gmail.com','2006-09-02'),(44,'Claudio Fransseni','Female','607-29-3847','8','20','18','Claudio','Environmental Tech','Shana','General Manager','892-734-0295','Active','2020-03-26 18:30:00','2020-04-18 00:00:00','prabhashanth@gmail.com','2004-02-02'),(45,'Verge Manton','Male','140-38-7316','4','27','14','Verge','GIS Technical Architect','Lynelle','Community Outreach Specialist','015-945-0584','Active','2019-09-27 18:30:00','2020-03-13 00:00:00','fgh@test.com','2003-12-30'),(46,'Aharon MacCumiskey','Male','769-38-8773','6','84','9','Aharon','Environmental Specialist','Karia','Systems Administrator III','308-583-8697','Active','2020-03-24 18:30:00','2019-09-13 00:00:00','test@gmail.com','2003-01-14'),(47,'Cirstoforo Gennrich','Male','453-95-2187','4','49','21','Cirstoforo','Graphic Designer','Blaire','Associate Professor','685-544-4693','Active','2020-01-31 18:30:00','2020-01-26 00:00:00','seniorteacher@test.com','2003-07-11'),(48,'Dolf Redley','Female','323-93-4875','8','15','14','Dolf','Senior Cost Accountant','Minerva','Senior Quality Engineer','128-846-6070','Active','2020-04-26 18:30:00','2020-07-22 00:00:00','fgh@test.com','2002-08-25'),(49,'Cornie Scopes','Female','401-23-2305','2','40','6','Cornie','VP Product Management','Kayley','Associate Professor','983-871-8313','Active','2019-09-10 18:30:00','2020-05-29 00:00:00','test@gmail.com','2007-04-08'),(50,'Cobby Ibberson','Female','757-45-2799','10','28','21','Cobby','VP Quality Control','Vivyanne','Design Engineer','880-244-8877','Active','2019-09-08 18:30:00','2020-08-09 00:00:00','test@test.com','2009-07-17'),(51,'Jehu Cator','Female','792-96-7122','6','98','26','Jehu','Geological Engineer','Ynez','VP Accounting','870-275-9414','Active','2019-11-12 18:30:00','2019-10-01 00:00:00','fgh@test.com','2000-08-31'),(52,'Corty Lanning','Female','310-14-4847','8','65','2','Corty','Occupational Therapist','Doris','Pharmacist','081-700-5650','Active','2019-12-09 18:30:00','2020-01-28 00:00:00','test@gmail.com','2009-09-14'),(53,'Lauren Antoney','Female','421-79-0066','9','9','22','Lauren','Teacher','Laure','Staff Accountant I','402-819-4218','Active','2019-10-13 18:30:00','2020-06-14 00:00:00','test@test.com','2006-09-30'),(54,'Udale Dik','Female','545-02-1748','6','38','19','Udale','Software Engineer IV','Randie','Budget/Accounting Analyst III','859-032-1062','Active','2019-10-01 18:30:00','2020-02-10 00:00:00','fgh@test.com','2009-09-08'),(55,'Etienne Sainer','Male','185-54-9228','6','43','8','Etienne','Quality Control Specialist','Cornelle','Programmer Analyst IV','044-441-9291','Active','2019-10-31 18:30:00','2019-09-04 00:00:00','prabhashanth@gmail.com','2004-01-28'),(56,'Burl Cordon','Male','363-63-3037','9','74','22','Burl','Associate Professor','Lindi','Executive Secretary','044-961-0830','Active','2019-11-23 18:30:00','2020-08-07 00:00:00','seniorteacher@test.com','2008-01-14'),(57,'Welch Drew','Male','546-78-8671','7','45','8','Welch','Occupational Therapist','Meta','Food Chemist','897-210-5229','Active','2020-07-13 18:30:00','2020-01-06 00:00:00','seniorteacher@test.com','2007-12-17'),(58,'Sayre Andreasson','Male','639-68-5467','9','67','9','Sayre','Computer Systems Analyst II','Marlene','Help Desk Technician','922-934-8380','Active','2019-10-09 18:30:00','2020-05-26 00:00:00','prabhashanth@gmail.com','2007-03-25'),(59,'Flint Lamden','Female','291-94-3325','5','50','12','Flint','Office Assistant I','Brietta','VP Product Management','049-312-7046','Active','2020-04-02 18:30:00','2020-07-06 00:00:00','test@test.com','2003-07-16'),(60,'Barris Howes','Female','386-10-0905','1','23','2','Barris','Structural Engineer','Aurie','Administrative Assistant IV','833-233-8046','Active','2019-08-27 18:30:00','2019-10-21 00:00:00','seniorteacher@test.com','2001-11-11'),(61,'Adam Oxtoby','Female','712-44-8594','3','59','22','Adam','Electrical Engineer','Margarette','Environmental Specialist','774-161-7491','Active','2020-04-05 18:30:00','2020-03-10 00:00:00','test@test.com','2003-07-25'),(62,'Hammad Buer','Male','498-63-3103','3','63','6','Hammad','Speech Pathologist','Hedwiga','Cost Accountant','682-106-7398','Active','2020-07-26 18:30:00','2020-04-01 00:00:00','test@gmail.com','2010-02-05'),(63,'Bay Jakubovics','Female','639-12-5557','9','56','26','Bay','Project Manager','Lexine','Budget/Accounting Analyst III','289-082-2327','Active','2020-03-10 18:30:00','2020-07-21 00:00:00','prabhashanth@gmail.com','2002-05-26'),(64,'Karoly Bowry','Female','473-90-6801','8','16','4','Karoly','Technical Writer','Rozanna','Clinical Specialist','023-319-2211','Active','2020-04-09 18:30:00','2019-11-22 00:00:00','test@gmail.com','2006-08-27'),(65,'Harlin Cesaric','Female','582-80-1279','1','68','13','Harlin','VP Quality Control','Gilberta','Legal Assistant','135-955-0803','Active','2020-05-20 18:30:00','2020-04-26 00:00:00','fgh@test.com','2004-10-09'),(66,'Rafferty Rudge','Male','399-72-2043','3','16','8','Rafferty','Chief Design Engineer','Alicia','Editor','863-271-3118','Active','2020-07-14 18:30:00','2020-08-07 00:00:00','seniorteacher@test.com','2000-09-24'),(67,'Decca Feare','Female','536-32-1935','4','53','8','Decca','VP Product Management','Wilmette','Software Engineer I','098-344-4635','Active','2020-01-18 18:30:00','2019-08-30 00:00:00','test@test.com','2000-09-19'),(68,'Joseito Vowell','Male','844-76-2358','6','69','19','Joseito','Dental Hygienist','Annadiana','Staff Accountant II','281-054-5190','Active','2019-10-17 18:30:00','2020-02-01 00:00:00','fgh@test.com','2002-10-19'),(69,'Kayne Belle','Male','538-10-7375','7','56','2','Kayne','Safety Technician IV','Dorree','Systems Administrator III','562-997-8647','Active','2020-01-09 18:30:00','2019-10-22 00:00:00','prabhashanth@gmail.com','2008-02-09'),(70,'Hamlen Simmance','Female','384-56-0470','2','72','5','Hamlen','Quality Engineer','Lurette','Nurse Practicioner','744-948-4100','Active','2019-09-18 18:30:00','2020-01-25 00:00:00','test@test.com','2000-12-13'),(71,'Ferdy Bader','Male','607-34-9121','6','27','12','Ferdy','Senior Financial Analyst','Maressa','Business Systems Development Analyst','157-915-6297','Active','2019-11-04 18:30:00','2020-01-22 00:00:00','fgh@test.com','2003-03-11'),(72,'Hobart Verick','Female','298-86-1008','3','42','21','Hobart','Financial Advisor','Sean','Account Representative II','835-480-4600','Active','2019-12-19 18:30:00','2020-07-22 00:00:00','test@test.com','2007-05-09'),(73,'Nappie Schanke','Female','567-98-6903','9','73','1','Nappie','Civil Engineer','Iolande','Biostatistician III','170-458-5807','Active','2020-05-09 18:30:00','2019-12-26 00:00:00','test@test.com','2007-07-27'),(74,'Joshua Strutley','Female','554-53-9050','5','16','19','Joshua','Research Assistant IV','Olivia','Graphic Designer','581-949-6656','Active','2020-04-25 18:30:00','2020-01-07 00:00:00','test@gmail.com','2007-06-02'),(75,'Mycah Payton','Female','638-76-1176','9','79','12','Mycah','Professor','Cahra','Design Engineer','339-319-5301','Active','2020-07-27 18:30:00','2020-02-09 00:00:00','fgh@test.com','2005-04-20'),(76,'Roger Hazeldean','Female','884-82-1559','8','1','21','Roger','Staff Accountant II','Leena','Research Associate','915-253-8632','Active','2020-01-14 18:30:00','2019-12-06 00:00:00','seniorteacher@test.com','2009-10-29'),(77,'Rafferty Owttrim','Female','477-31-3111','2','37','11','Rafferty','Data Coordiator','Arline','Account Coordinator','219-561-0381','Active','2019-12-30 18:30:00','2020-02-03 00:00:00','fgh@test.com','2001-03-02'),(78,'Brantley Prine','Female','765-10-6808','10','41','7','Brantley','Chemical Engineer','Phebe','Senior Financial Analyst','222-717-2960','Active','2020-03-05 18:30:00','2019-11-20 00:00:00','seniorteacher@test.com','2002-10-22'),(79,'Quintus Bearfoot','Female','480-10-9096','6','38','14','Quintus','Senior Quality Engineer','Laraine','Account Coordinator','690-777-4953','Active','2019-08-25 18:30:00','2019-10-03 00:00:00','test@gmail.com','2003-02-07'),(80,'Dugald Benterman','Female','290-10-4598','2','8','9','Dugald','Human Resources Assistant II','Amie','Staff Accountant II','804-531-7461','Active','2019-09-20 18:30:00','2019-11-14 00:00:00','test@test.com','2004-05-11'),(81,'Hunter Peat','Male','817-81-4836','9','37','5','Hunter','Geologist II','Loralee','Legal Assistant','050-272-0098','Active','2020-08-03 18:30:00','2019-12-31 00:00:00','test@test.com','2006-08-30'),(82,'Mitch Melan','Female','680-53-8235','1','67','23','Mitch','Engineer III','Nell','Social Worker','321-429-9149','Active','2019-11-29 18:30:00','2020-01-26 00:00:00','fgh@test.com','2009-03-30'),(83,'Elliot Streak','Female','528-42-2637','10','54','22','Elliot','Senior Financial Analyst','Patrice','Financial Analyst','411-013-5620','Active','2020-04-05 18:30:00','2020-03-11 00:00:00','prabhashanth@gmail.com','2002-11-11'),(84,'Tammy Carstairs','Female','802-63-0423','8','18','3','Tammy','Account Coordinator','Bev','Clinical Specialist','101-477-0486','Active','2019-12-10 18:30:00','2020-07-28 00:00:00','prabhashanth@gmail.com','2006-08-27'),(85,'Fredric Ferras','Female','431-65-4644','4','81','4','Fredric','Research Nurse','Karole','Nurse','774-219-0104','Active','2019-12-21 18:30:00','2019-11-16 00:00:00','prabhashanth@gmail.com','2004-03-22'),(86,'Franky Flahive','Male','542-07-0823','10','12','6','Franky','Business Systems Development Analyst','Abigail','Food Chemist','154-691-1724','Active','2019-09-22 18:30:00','2020-07-05 00:00:00','prabhashanth@gmail.com','2000-08-20'),(87,'Reuben Zecchii','Male','629-33-8543','3','26','16','Reuben','Systems Administrator III','Cherida','Chemical Engineer','370-562-8021','Active','2019-10-08 18:30:00','2020-01-27 00:00:00','prabhashanth@gmail.com','2004-06-10'),(88,'Carlyle Bruck','Male','493-84-6492','9','51','14','Carlyle','Occupational Therapist','Cherrita','Accounting Assistant I','728-456-2350','Active','2020-01-28 18:30:00','2019-12-07 00:00:00','seniorteacher@test.com','2001-02-13'),(89,'Antons Dummett','Female','201-77-5948','8','26','1','Antons','Database Administrator IV','Hedda','Administrative Officer','242-274-1519','Active','2019-10-20 18:30:00','2019-09-13 00:00:00','prabhashanth@gmail.com','2005-06-19'),(90,'Moishe Vye','Female','494-96-0765','7','6','12','Moishe','GIS Technical Architect','Gabrielle','Account Representative IV','177-425-8419','Active','2020-01-02 18:30:00','2019-08-15 00:00:00','fgh@test.com','2007-09-22'),(91,'Quincey Gosnay','Male','108-79-0159','9','56','13','Quincey','Senior Financial Analyst','Phoebe','Internal Auditor','880-324-3341','Active','2020-05-29 18:30:00','2019-12-16 00:00:00','test@test.com','2005-03-06'),(92,'Kahaleel Culmer','Female','777-94-1262','1','74','4','Kahaleel','Senior Quality Engineer','Felisha','Tax Accountant','036-054-0527','Active','2020-06-18 18:30:00','2019-09-26 00:00:00','prabhashanth@gmail.com','2007-10-17'),(93,'Cointon Aron','Male','459-48-5570','4','31','12','Cointon','Administrative Officer','Mair','Senior Editor','250-937-2605','Active','2019-09-06 18:30:00','2020-04-15 00:00:00','test@gmail.com','2001-03-27'),(94,'Roddy Vickerstaff','Male','122-02-9505','1','50','7','Roddy','Engineer III','Valene','Payment Adjustment Coordinator','153-109-9113','Active','2019-12-17 18:30:00','2020-03-08 00:00:00','test@gmail.com','2008-11-10'),(95,'Nial Hamments','Male','466-72-6354','8','9','2','Nial','Internal Auditor','Averyl','Account Representative IV','631-880-1921','Active','2019-11-03 18:30:00','2020-01-07 00:00:00','prabhashanth@gmail.com','2001-05-01'),(96,'Herve Philipeaux','Female','835-65-0531','6','85','15','Herve','Software Consultant','Dorena','Account Executive','964-100-9643','Active','2020-01-28 18:30:00','2019-09-16 00:00:00','test@test.com','2010-07-20'),(97,'Uriah Dory','Male','348-44-4689','2','96','2','Uriah','Human Resources Assistant I','Elyssa','Product Engineer','912-954-4007','Active','2020-07-23 18:30:00','2020-07-13 00:00:00','test@gmail.com','2001-12-29'),(98,'Flinn Garmston','Female','349-66-0954','10','55','1','Flinn','Account Executive','Peggy','Social Worker','484-387-0357','Active','2019-09-08 18:30:00','2020-03-17 00:00:00','test@gmail.com','2001-10-19'),(99,'Urbain McCuffie','Male','625-87-4155','5','62','22','Urbain','Administrative Officer','Chloette','Nurse','474-166-4534','Active','2020-03-11 18:30:00','2019-09-25 00:00:00','fgh@test.com','2002-06-23'),(100,'Nelson Latta','Male','130-32-6155','5','15','1','Nelson','Mechanical Systems Engineer','Betteann','Marketing Manager','230-156-9628','Active','2019-09-20 18:30:00','2019-10-13 00:00:00','prabhashanth@gmail.com','2006-01-18'),(101,'Barny Smidmor','Male','534-31-4216','2','67','7','Barny','Marketing Manager','Shannon','Recruiter','283-620-3581','Active','2020-03-14 18:30:00','2019-08-19 00:00:00','test@test.com','2001-07-15'),(102,'Gordy Reavey','Male','742-81-2283','6','60','20','Gordy','Biostatistician I','Johannah','Internal Auditor','210-938-2404','Active','2020-03-11 18:30:00','2020-07-13 00:00:00','seniorteacher@test.com','2009-03-05'),(103,'Nev Antoszewski','Female','855-73-9072','6','68','7','Nev','Mechanical Systems Engineer','Alyson','Budget/Accounting Analyst III','730-435-0148','Active','2019-12-06 18:30:00','2019-09-02 00:00:00','test@gmail.com','2009-09-21'),(104,'Barris Sahnow','Male','378-46-1132','1','90','6','Barris','Senior Sales Associate','Brandea','Desktop Support Technician','654-824-5102','Active','2019-12-08 18:30:00','2020-02-16 00:00:00','prabhashanth@gmail.com','2009-07-19'),(105,'Lodovico McCooke','Male','796-04-2243','7','50','18','Lodovico','Senior Editor','Maritsa','Chemical Engineer','345-190-5919','Active','2019-12-06 18:30:00','2019-09-08 00:00:00','test@gmail.com','2004-11-01'),(106,'Rudie Morgue','Female','565-05-1935','3','56','23','Rudie','Chief Design Engineer','Christiane','Environmental Specialist','930-284-8898','Active','2019-10-06 18:30:00','2020-05-30 00:00:00','fgh@test.com','2003-12-12'),(107,'Llywellyn Aleswell','Male','579-22-2766','3','93','15','Llywellyn','Professor','Donni','Desktop Support Technician','272-807-3039','Active','2019-11-29 18:30:00','2020-01-30 00:00:00','fgh@test.com','2008-04-13'),(108,'Francesco Sambeck','Male','836-24-4494','4','76','17','Francesco','Biostatistician IV','Deloria','Administrative Officer','957-170-0688','Active','2019-12-01 18:30:00','2020-03-13 00:00:00','fgh@test.com','2001-12-15'),(109,'Son Forrington','Male','530-54-3319','1','45','18','Son','Account Coordinator','Rodie','Information Systems Manager','033-134-8102','Active','2019-10-29 18:30:00','2020-04-09 00:00:00','prabhashanth@gmail.com','2009-10-24'),(110,'Brantley Knipe','Male','530-84-3296','3','66','16','Brantley','Chief Design Engineer','Lina','Help Desk Operator','833-319-1203','Active','2019-12-17 18:30:00','2019-10-21 00:00:00','seniorteacher@test.com','2008-11-13'),(111,'Benedetto Wheeliker','Male','707-81-3788','10','45','21','Benedetto','Systems Administrator I','Carmon','Actuary','123-218-2910','Active','2020-03-16 18:30:00','2019-12-20 00:00:00','fgh@test.com','2006-07-13'),(112,'Alexis Daingerfield','Female','574-58-7997','5','85','21','Alexis','Tax Accountant','Odelia','Nuclear Power Engineer','366-517-8739','Active','2020-01-30 18:30:00','2019-11-23 00:00:00','test@gmail.com','2001-10-12'),(113,'Rice Shewon','Male','292-83-4421','9','96','5','Rice','Operator','Celinda','Associate Professor','253-705-2803','Active','2020-02-23 18:30:00','2020-04-18 00:00:00','prabhashanth@gmail.com','2005-10-11'),(114,'Gaelan Ducastel','Female','892-43-7556','1','68','10','Gaelan','Assistant Manager','Adrianna','VP Sales','007-385-4670','Active','2019-10-15 18:30:00','2020-06-25 00:00:00','test@gmail.com','2003-11-15'),(115,'Skippy Filby','Female','687-29-8815','1','48','12','Skippy','Senior Sales Associate','Melany','Junior Executive','209-493-5499','Active','2019-10-05 18:30:00','2019-09-21 00:00:00','prabhashanth@gmail.com','2003-01-28'),(116,'Giusto Aloshechkin','Female','796-17-9399','6','7','1','Giusto','Professor','Gillian','Compensation Analyst','335-703-6232','Active','2019-08-27 18:30:00','2019-10-26 00:00:00','test@gmail.com','2006-10-09'),(117,'Thaddus Eastridge','Female','210-51-4407','8','67','4','Thaddus','Systems Administrator I','Harli','Developer III','703-401-8307','Active','2019-11-18 18:30:00','2019-11-02 00:00:00','test@gmail.com','2007-09-02'),(118,'Ruprecht Landsman','Male','219-83-6505','2','73','12','Ruprecht','Staff Accountant IV','Stacee','Sales Associate','810-057-0047','Active','2019-08-21 18:30:00','2020-01-26 00:00:00','fgh@test.com','2009-03-22'),(119,'Drake Whyke','Female','414-32-3613','4','87','15','Drake','Web Designer III','Fiann','Tax Accountant','510-346-7677','Active','2020-05-06 18:30:00','2020-03-17 00:00:00','test@gmail.com','2009-10-26'),(120,'Valentine Druett','Male','619-81-9637','9','98','7','Valentine','General Manager','Gwenneth','Human Resources Assistant III','366-890-8675','Active','2020-03-22 18:30:00','2019-12-23 00:00:00','test@test.com','2006-08-15'),(121,'Hamilton Darco','Female','276-11-6990','4','79','14','Hamilton','Office Assistant IV','Ilene','General Manager','022-810-7431','Active','2020-06-19 18:30:00','2020-08-01 00:00:00','seniorteacher@test.com','2008-12-12'),(122,'Wolf Wyllt','Female','759-11-5771','7','66','23','Wolf','Legal Assistant','Joy','Media Manager II','850-354-0053','Active','2019-09-30 18:30:00','2020-07-21 00:00:00','seniorteacher@test.com','2005-03-23'),(123,'Lorin Juppe','Male','879-55-7880','4','23','11','Lorin','Software Test Engineer I','Bertine','Social Worker','294-064-2613','Active','2020-02-11 18:30:00','2020-06-14 00:00:00','seniorteacher@test.com','2005-08-29'),(124,'Sigismundo Ricardou','Female','249-53-8499','4','50','11','Sigismundo','Mechanical Systems Engineer','Tildie','Automation Specialist II','418-274-0797','Active','2020-07-26 18:30:00','2020-08-05 00:00:00','prabhashanth@gmail.com','2008-04-04'),(125,'Edsel Boyda','Male','456-09-7418','9','11','22','Edsel','Executive Secretary','Olympie','Engineer III','897-228-8535','Active','2019-10-02 18:30:00','2020-05-18 00:00:00','fgh@test.com','2007-02-07'),(126,'Roderic Iliff','Female','537-12-0172','10','27','23','Roderic','Account Executive','Alexa','Structural Analysis Engineer','209-439-8829','Active','2019-10-14 18:30:00','2020-01-22 00:00:00','prabhashanth@gmail.com','2008-09-25'),(127,'Sanderson Holyland','Female','427-44-8637','9','24','1','Sanderson','Teacher','Charmaine','Teacher','200-307-9088','Active','2020-07-27 18:30:00','2019-09-06 00:00:00','seniorteacher@test.com','2009-07-07'),(128,'Rollin Philips','Male','217-61-4906','1','34','16','Rollin','Financial Advisor','Gael','Nurse Practicioner','502-843-2571','Active','2020-07-05 18:30:00','2020-03-21 00:00:00','seniorteacher@test.com','2006-12-04'),(129,'Herb Petrescu','Male','520-73-3963','7','15','12','Herb','Structural Analysis Engineer','Teressa','Web Designer I','241-384-7327','Active','2020-08-04 18:30:00','2019-12-19 00:00:00','test@gmail.com','2003-06-04'),(130,'Eziechiele Murrey','Male','126-87-9296','4','2','11','Eziechiele','Business Systems Development Analyst','Dayna','Professor','866-802-7612','Active','2020-06-30 18:30:00','2019-10-18 00:00:00','test@gmail.com','2004-03-24'),(131,'Brody Brizland','Male','624-58-6768','4','15','7','Brody','Occupational Therapist','Marge','Software Test Engineer I','532-526-0895','Active','2019-10-25 18:30:00','2019-10-21 00:00:00','seniorteacher@test.com','2007-07-23'),(132,'Agustin Marginson','Female','246-67-0018','5','88','2','Agustin','Executive Secretary','Camella','Occupational Therapist','238-623-1512','Active','2019-12-19 18:30:00','2020-03-30 00:00:00','test@test.com','2001-12-23'),(133,'Tad Bicksteth','Female','395-20-0418','10','62','15','Tad','Recruiter','Kariotta','Senior Cost Accountant','574-628-9476','Active','2020-01-06 18:30:00','2019-12-10 00:00:00','test@gmail.com','2006-01-13'),(134,'Baron Peddie','Male','383-03-0458','4','66','1','Baron','Human Resources Manager','Viva','Civil Engineer','794-812-8231','Active','2019-10-20 18:30:00','2020-07-29 00:00:00','fgh@test.com','2003-11-12'),(135,'Coop Steels','Male','808-13-9645','5','27','20','Coop','Food Chemist','Minna','Programmer IV','619-278-1088','Active','2020-05-29 18:30:00','2020-02-10 00:00:00','fgh@test.com','2005-11-05'),(136,'Obed Mannagh','Female','352-06-1650','4','54','17','Obed','Information Systems Manager','Ronna','Professor','657-767-2787','Active','2020-03-24 18:30:00','2020-03-23 00:00:00','seniorteacher@test.com','2009-01-13'),(137,'Niki Gravells','Male','653-84-7183','7','3','7','Niki','Chemical Engineer','Mala','Operator','401-760-1552','Active','2020-06-29 18:30:00','2020-03-18 00:00:00','test@test.com','2007-12-10'),(138,'Andie Guly','Female','402-97-6879','7','10','5','Andie','Community Outreach Specialist','Reggie','Senior Sales Associate','296-672-3986','Active','2019-09-05 18:30:00','2020-04-05 00:00:00','test@gmail.com','2008-07-08'),(139,'Brien Sandom','Female','587-75-7238','10','64','15','Brien','General Manager','Pansy','Dental Hygienist','075-294-3865','Active','2020-07-23 18:30:00','2020-02-09 00:00:00','prabhashanth@gmail.com','2009-06-15'),(140,'Shermie Kemmer','Female','310-49-1896','10','27','7','Shermie','Sales Associate','Rica','Payment Adjustment Coordinator','007-915-9100','Active','2020-04-27 18:30:00','2020-04-29 00:00:00','seniorteacher@test.com','2009-09-20'),(141,'Ly Endrighi','Male','169-24-2984','2','38','2','Ly','GIS Technical Architect','Myrlene','Help Desk Technician','859-401-0510','Active','2020-06-17 18:30:00','2019-12-29 00:00:00','test@test.com','2005-07-30'),(142,'Shayne Verissimo','Female','182-29-2856','10','64','1','Shayne','VP Quality Control','Marlane','VP Sales','788-821-2752','Active','2019-12-31 18:30:00','2020-05-08 00:00:00','fgh@test.com','2002-01-31'),(143,'Hercules Kainz','Female','310-34-0853','10','64','1','Hercules','Chief Design Engineer','Marsha','Desktop Support Technician','278-392-2102','Active','2020-06-14 18:30:00','2019-09-29 00:00:00','test@gmail.com','2005-09-02'),(144,'Ellswerth MacNalley','Male','705-99-0971','10','57','9','Ellswerth','GIS Technical Architect','Nanice','Civil Engineer','593-903-2845','Active','2020-03-23 18:30:00','2019-10-27 00:00:00','test@gmail.com','2007-12-20'),(145,'Lance Mattessen','Female','823-43-0434','9','87','19','Lance','Account Representative III','Danica','Research Associate','791-521-2522','Active','2019-10-30 18:30:00','2019-12-28 00:00:00','fgh@test.com','2006-09-22'),(146,'Berne Cron','Male','330-35-2495','7','3','12','Berne','Software Engineer III','Misti','Senior Sales Associate','463-326-3615','Active','2020-08-05 18:30:00','2019-12-24 00:00:00','test@gmail.com','2001-07-23'),(147,'Gradey Hum','Male','561-29-0200','9','79','12','Gradey','Chemical Engineer','Adora','Electrical Engineer','994-805-9339','Active','2019-09-15 18:30:00','2020-03-18 00:00:00','test@gmail.com','2004-09-16'),(148,'Layton Fancett','Female','747-11-9564','10','61','19','Layton','Developer IV','Dorette','Software Engineer III','773-244-7085','Active','2019-09-13 18:30:00','2020-06-09 00:00:00','test@gmail.com','2002-04-11'),(149,'Tim Halgarth','Female','682-08-3643','10','40','17','Tim','Product Engineer','Vivianne','Recruiter','751-106-2611','Active','2020-05-13 18:30:00','2020-08-03 00:00:00','seniorteacher@test.com','2008-08-14'),(150,'Ryon Wooddisse','Male','201-98-6037','7','1','26','Ryon','Research Nurse','Nananne','Environmental Specialist','123-712-4904','Active','2019-12-29 18:30:00','2019-08-27 00:00:00','test@test.com','2005-08-24'),(151,'Gayelord Vido','Female','824-75-5770','10','101','5','Gayelord','Help Desk Technician','Dyna','Structural Engineer','560-354-8555','Active','2019-08-14 18:30:00','2019-11-15 00:00:00','test@test.com','2005-04-08'),(152,'Shep Le Galle','Female','132-39-5074','5','11','9','Shep','Graphic Designer','Lana','Recruiter','137-980-1624','Active','2020-03-05 18:30:00','2020-02-04 00:00:00','test@gmail.com','2010-04-08'),(153,'Obed Graves','Male','190-95-1544','5','6','12','Obed','Web Developer I','Margalit','Analog Circuit Design manager','846-852-8793','Active','2020-05-01 18:30:00','2020-01-15 00:00:00','test@gmail.com','2007-06-06'),(154,'Gaby Ayce','Female','475-82-1979','3','88','19','Gaby','Account Executive','Briana','Accounting Assistant III','187-116-5724','Active','2020-01-17 18:30:00','2019-08-31 00:00:00','prabhashanth@gmail.com','2008-10-08'),(155,'Mick Gowry','Female','792-16-3241','10','36','15','Mick','Dental Hygienist','Koral','VP Marketing','455-057-9793','Active','2019-10-25 18:30:00','2019-10-09 00:00:00','test@gmail.com','2001-08-14'),(156,'Vaughan Arnell','Male','344-13-7517','7','42','11','Vaughan','Physical Therapy Assistant','Phil','VP Product Management','306-919-2822','Active','2020-05-22 18:30:00','2020-02-16 00:00:00','test@test.com','2008-06-08'),(157,'Mose Satchell','Male','394-31-2503','5','58','22','Mose','Account Coordinator','Pegeen','Tax Accountant','788-073-2216','Active','2020-07-18 18:30:00','2019-10-04 00:00:00','test@test.com','2008-12-02'),(158,'Gregory Kern','Female','223-44-6346','6','48','20','Gregory','Operator','Tybi','Research Assistant I','952-511-1560','Active','2019-12-15 18:30:00','2020-04-23 00:00:00','test@gmail.com','2009-02-27'),(159,'Wilek Powlett','Male','757-88-8022','1','98','21','Wilek','Actuary','Marcelle','VP Product Management','265-528-3419','Active','2019-08-14 18:30:00','2020-06-11 00:00:00','test@gmail.com','2006-12-04'),(160,'Brig Gallon','Female','493-56-2069','5','73','14','Brig','Programmer Analyst IV','Ranna','Senior Sales Associate','732-583-5456','Active','2019-09-14 18:30:00','2020-03-31 00:00:00','test@test.com','2002-07-25'),(161,'Elvin Case','Female','738-51-3075','7','20','1','Elvin','Account Executive','Benedikta','Developer I','095-223-9016','Active','2020-06-11 18:30:00','2020-01-05 00:00:00','test@test.com','2009-09-27'),(162,'Ringo Shortin','Female','629-34-3702','6','63','10','Ringo','Account Executive','Clari','Teacher','441-100-9086','Active','2020-02-09 18:30:00','2020-04-19 00:00:00','test@gmail.com','2007-05-27'),(163,'Walther Lidyard','Female','890-75-8475','2','70','4','Walther','Software Test Engineer II','Kimbra','Associate Professor','135-151-2894','Active','2019-11-27 18:30:00','2019-11-12 00:00:00','test@gmail.com','2009-04-15'),(164,'Carleton Collingham','Female','243-25-3617','8','101','6','Carleton','Recruiter','Tami','Health Coach III','453-544-6455','Active','2020-01-02 18:30:00','2020-06-02 00:00:00','test@test.com','2008-01-16'),(165,'Byrle Richford','Female','645-63-7052','9','36','26','Byrle','Statistician II','Maggee','Business Systems Development Analyst','284-347-6336','Active','2020-03-26 18:30:00','2019-12-14 00:00:00','fgh@test.com','2010-06-03'),(166,'Lorrie Uttridge','Female','738-55-4544','4','25','10','Lorrie','Assistant Professor','Dawna','Engineer III','902-124-7173','Active','2020-05-24 18:30:00','2019-10-01 00:00:00','test@gmail.com','2005-01-09'),(167,'Cobb Surplice','Male','312-66-3595','2','84','15','Cobb','Programmer III','Wenda','Research Nurse','725-008-2219','Active','2020-06-26 18:30:00','2020-06-09 00:00:00','prabhashanth@gmail.com','2002-06-22'),(168,'Godfree Leeuwerink','Male','279-22-2085','5','91','15','Godfree','Legal Assistant','Rosabelle','Automation Specialist IV','980-590-6070','Active','2020-05-30 18:30:00','2020-02-28 00:00:00','test@test.com','2005-11-19'),(169,'Scotty Penelli','Female','863-22-1179','1','93','10','Scotty','GIS Technical Architect','Minni','GIS Technical Architect','723-073-5922','Active','2020-07-28 18:30:00','2020-04-02 00:00:00','test@test.com','2009-10-21'),(170,'Addy Newstead','Female','889-04-7499','2','6','22','Addy','Data Coordiator','Vevay','Mechanical Systems Engineer','038-036-2693','Active','2020-04-27 18:30:00','2019-11-06 00:00:00','prabhashanth@gmail.com','2001-02-21'),(171,'Perren Seyler','Female','729-23-7442','1','19','22','Perren','Computer Systems Analyst IV','Evania','Recruiting Manager','739-385-4442','Active','2020-06-25 18:30:00','2019-11-21 00:00:00','test@gmail.com','2001-02-06'),(172,'Rand MacDuffie','Male','367-73-8848','10','33','9','Rand','Account Representative IV','Tobye','Structural Analysis Engineer','822-345-7195','Active','2020-03-14 18:30:00','2020-01-16 00:00:00','prabhashanth@gmail.com','2007-12-13'),(173,'Jervis Flye','Female','462-15-7911','4','80','5','Jervis','Compensation Analyst','Ashleigh','Graphic Designer','042-812-4736','Active','2020-07-18 18:30:00','2019-10-19 00:00:00','prabhashanth@gmail.com','2004-04-24'),(174,'Jae Ten Broek','Male','315-97-4557','8','24','5','Jae','VP Marketing','Shoshanna','Financial Analyst','250-438-0260','Active','2020-01-22 18:30:00','2020-03-12 00:00:00','test@gmail.com','2008-08-17'),(175,'Barry De Gogay','Female','562-57-8142','9','44','16','Barry','Community Outreach Specialist','Sapphire','Geological Engineer','633-324-5226','Active','2020-01-14 18:30:00','2020-08-04 00:00:00','fgh@test.com','2010-06-15'),(176,'Newton Locks','Female','773-68-7740','8','91','14','Newton','Professor','Florry','Cost Accountant','561-802-4389','Active','2020-04-23 18:30:00','2019-08-12 00:00:00','test@test.com','2008-04-25'),(177,'Richard Giffkins','Female','757-66-2669','5','67','18','Richard','VP Accounting','Danice','Nurse','549-544-8836','Active','2019-09-30 18:30:00','2020-06-28 00:00:00','prabhashanth@gmail.com','2001-08-08'),(178,'Levey Sallenger','Male','582-43-3567','9','93','26','Levey','Accounting Assistant II','Lilllie','Computer Systems Analyst III','923-219-6081','Active','2020-05-02 18:30:00','2020-02-11 00:00:00','test@test.com','2001-09-23'),(179,'Fulton Brantl','Male','336-50-9603','10','52','1','Fulton','Human Resources Assistant I','Camella','Research Associate','815-087-3822','Active','2020-03-13 18:30:00','2019-10-24 00:00:00','test@test.com','2009-10-07'),(180,'Weider Showen','Female','225-46-4410','1','57','4','Weider','Research Nurse','Gabriel','Desktop Support Technician','550-053-6596','Active','2019-11-28 18:30:00','2020-07-01 00:00:00','test@test.com','2001-03-06'),(181,'Pace Snaith','Male','568-26-0864','7','42','10','Pace','Senior Editor','Angelica','Marketing Manager','169-515-8332','Active','2019-11-26 18:30:00','2020-02-25 00:00:00','fgh@test.com','2007-12-19'),(182,'Reg Reaper','Male','895-22-3918','6','88','4','Reg','Director of Sales','Wenonah','Occupational Therapist','353-487-1087','Active','2020-04-29 18:30:00','2019-08-31 00:00:00','fgh@test.com','2006-10-13'),(183,'Mandel Meddings','Female','195-78-5328','2','64','17','Mandel','Professor','Germana','Biostatistician IV','055-322-4362','Active','2019-10-16 18:30:00','2020-07-18 00:00:00','fgh@test.com','2005-05-06'),(184,'Dale Finlayson','Male','727-26-4419','8','23','18','Dale','Safety Technician I','Susie','Financial Analyst','269-737-9749','Active','2019-12-30 18:30:00','2020-04-15 00:00:00','test@test.com','2001-01-12'),(185,'Frasco Andrassy','Female','667-82-9953','2','50','26','Frasco','Graphic Designer','Wanids','Human Resources Manager','141-798-2717','Active','2020-07-01 18:30:00','2020-05-27 00:00:00','prabhashanth@gmail.com','2009-12-08'),(186,'Weider Kaliszewski','Male','227-91-8739','8','15','10','Weider','Administrative Assistant II','Milli','Engineer IV','454-512-3801','Active','2020-01-26 18:30:00','2019-08-17 00:00:00','prabhashanth@gmail.com','2001-04-06'),(187,'Wendell Lafrentz','Female','136-60-3579','8','85','23','Wendell','VP Quality Control','Salaidh','Internal Auditor','099-043-4498','Active','2020-01-07 18:30:00','2019-11-12 00:00:00','test@gmail.com','2001-09-10'),(188,'Enrico Rentoll','Female','715-37-8950','3','34','19','Enrico','Research Associate','Shayne','Systems Administrator II','637-991-8910','Active','2020-03-31 18:30:00','2019-09-29 00:00:00','test@gmail.com','2005-10-11'),(189,'Virgilio Crouch','Female','293-36-2531','7','4','13','Virgilio','VP Accounting','Cathryn','GIS Technical Architect','507-747-7380','Active','2020-03-01 18:30:00','2020-03-14 00:00:00','test@gmail.com','2002-11-17'),(190,'Kienan Bartoloma','Male','416-34-3397','5','9','2','Kienan','Human Resources Assistant I','Jade','Assistant Professor','023-153-6356','Active','2020-04-25 18:30:00','2019-12-22 00:00:00','prabhashanth@gmail.com','2001-08-08'),(191,'Waylan Verden','Male','234-27-8424','4','6','20','Waylan','Community Outreach Specialist','Dorotea','Biostatistician I','927-123-4266','Active','2019-08-25 18:30:00','2020-04-15 00:00:00','fgh@test.com','2000-09-29'),(192,'Wolfie Grafham','Male','674-83-8532','7','25','17','Wolfie','Marketing Assistant','Ula','Software Consultant','191-361-9829','Active','2020-02-19 18:30:00','2020-03-25 00:00:00','fgh@test.com','2005-09-14'),(193,'Martyn Sussans','Female','194-41-2998','8','79','10','Martyn','Health Coach I','Audrie','Civil Engineer','450-646-1101','Active','2020-01-22 18:30:00','2019-12-23 00:00:00','test@test.com','2002-08-25'),(194,'Bond Gindghill','Female','744-87-1474','1','52','10','Bond','Research Nurse','Margarethe','Sales Representative','089-364-3169','Active','2019-12-28 18:30:00','2019-10-18 00:00:00','seniorteacher@test.com','2002-12-04'),(195,'Beale Brumbie','Female','833-64-4470','7','44','10','Beale','Cost Accountant','Chastity','Statistician IV','675-695-7763','Active','2020-07-17 18:30:00','2020-08-06 00:00:00','seniorteacher@test.com','2005-10-19'),(196,'Hector Loos','Male','287-10-1191','3','36','2','Hector','Administrative Officer','Sephira','Senior Editor','946-903-5927','Active','2020-04-27 18:30:00','2020-08-06 00:00:00','seniorteacher@test.com','2010-05-20'),(197,'Jabez Lissandrini','Male','845-01-8843','2','52','22','Jabez','Physical Therapy Assistant','Lind','Marketing Assistant','447-697-8576','Active','2019-11-28 18:30:00','2020-07-23 00:00:00','fgh@test.com','2009-08-06'),(198,'Garald Manhood','Male','276-86-0714','5','36','17','Garald','Design Engineer','Farah','Financial Advisor','533-464-5463','Active','2019-11-09 18:30:00','2020-06-01 00:00:00','fgh@test.com','2008-09-11'),(199,'Justinian Tilne','Female','632-90-9302','6','69','15','Justinian','Human Resources Manager','Starla','Senior Cost Accountant','964-621-3309','Active','2020-06-25 18:30:00','2019-10-16 00:00:00','seniorteacher@test.com','2001-08-25'),(200,'Paton Kuschke','Male','373-70-4197','3','2','20','Paton','Speech Pathologist','Reggie','Junior Executive','581-203-2664','Active','2020-08-02 18:30:00','2019-10-01 00:00:00','test@test.com','2001-09-13'),(201,'Tamas Peres','Female','489-10-9483','7','80','16','Tamas','Food Chemist','Ertha','Dental Hygienist','465-638-4496','Active','2020-04-28 18:30:00','2020-03-19 00:00:00','fgh@test.com','2006-04-22'),(202,'Sidnee Phillput','Male','242-02-6001','8','72','17','Sidnee','Civil Engineer','Henka','Structural Analysis Engineer','045-969-4028','Active','2019-10-19 18:30:00','2019-10-21 00:00:00','prabhashanth@gmail.com','2007-07-13'),(203,'Levy Ancliff','Female','800-93-3475','2','76','3','Levy','Associate Professor','Tami','Electrical Engineer','616-233-4404','Active','2020-06-12 18:30:00','2020-02-10 00:00:00','test@test.com','2009-03-20'),(204,'Gabi Cuthbert','Female','528-62-9707','7','30','21','Gabi','Account Coordinator','Bernetta','Administrative Officer','244-604-7245','Active','2020-01-01 18:30:00','2019-12-15 00:00:00','prabhashanth@gmail.com','2003-05-31'),(205,'Padgett Brauninger','Male','546-88-5182','1','28','8','Padgett','Account Representative IV','Kelila','Office Assistant I','294-852-3714','Active','2019-11-23 18:30:00','2020-04-21 00:00:00','test@test.com','2004-12-22'),(206,'Durand Loadman','Male','742-23-9800','10','9','8','Durand','Tax Accountant','Ariela','Recruiting Manager','012-054-1041','Active','2019-08-19 18:30:00','2019-12-08 00:00:00','seniorteacher@test.com','2009-03-19'),(207,'Baxie Spary','Female','278-92-0270','10','42','5','Baxie','Staff Accountant II','Darice','Tax Accountant','605-369-3857','Active','2019-08-12 18:30:00','2020-01-09 00:00:00','test@gmail.com','2008-06-02'),(208,'Taylor Assinder','Male','713-73-1672','2','34','11','Taylor','Social Worker','Faun','Programmer Analyst I','120-320-5212','Active','2020-05-30 18:30:00','2019-10-06 00:00:00','seniorteacher@test.com','2001-01-05'),(209,'Alain Dat','Female','693-51-9067','5','86','15','Alain','Financial Analyst','Briney','Product Engineer','395-216-2929','Active','2020-05-18 18:30:00','2020-04-19 00:00:00','fgh@test.com','2008-12-31'),(210,'Sean Fumagall','Female','184-28-3623','4','64','5','Sean','Chemical Engineer','Jacynth','Assistant Professor','224-346-2601','Active','2019-11-12 18:30:00','2019-09-21 00:00:00','prabhashanth@gmail.com','2010-07-29'),(211,'Andie Friett','Male','246-82-3011','4','19','20','Andie','Community Outreach Specialist','Charin','Marketing Assistant','468-329-2806','Active','2019-12-08 18:30:00','2020-07-13 00:00:00','fgh@test.com','2005-06-06'),(212,'Langsdon Pfeifer','Male','517-09-7323','3','101','17','Langsdon','Geologist IV','Iolande','VP Marketing','380-234-3440','Active','2019-12-04 18:30:00','2020-06-02 00:00:00','test@test.com','2007-12-19'),(213,'Derek Coppen','Female','460-68-1416','2','25','21','Derek','Editor','Mallorie','Project Manager','845-175-0690','Active','2020-05-05 18:30:00','2020-04-03 00:00:00','fgh@test.com','2003-06-16'),(214,'Dane Brewis','Female','706-27-7757','9','6','11','Dane','Actuary','Gerti','Statistician I','048-639-4159','Active','2019-08-09 18:30:00','2020-02-09 00:00:00','test@gmail.com','2006-10-07'),(215,'Miltie Donohoe','Male','415-10-1625','10','14','6','Miltie','VP Accounting','Katerine','Marketing Assistant','875-598-6445','Active','2020-07-11 18:30:00','2019-08-13 00:00:00','fgh@test.com','2008-04-02'),(216,'Truman Dallyn','Female','238-61-6757','6','9','8','Truman','Health Coach III','Suzi','Tax Accountant','698-670-0830','Active','2020-04-15 18:30:00','2020-08-02 00:00:00','fgh@test.com','2009-08-24'),(217,'Byrom Yakushkev','Male','821-13-3329','10','73','15','Byrom','Account Executive','Veronika','Senior Editor','645-038-4410','Active','2020-04-14 18:30:00','2020-06-17 00:00:00','seniorteacher@test.com','2002-05-23'),(218,'Sherlocke Baumert','Male','677-49-0832','3','57','21','Sherlocke','Operator','Melissa','General Manager','950-120-6208','Active','2020-02-05 18:30:00','2020-03-31 00:00:00','seniorteacher@test.com','2002-06-02'),(219,'Raddie Leveritt','Male','676-44-4341','7','50','5','Raddie','Information Systems Manager','Camile','Account Coordinator','995-204-6326','Active','2019-12-28 18:30:00','2020-07-05 00:00:00','fgh@test.com','2004-08-17'),(220,'Ian Priscott','Male','244-74-9746','4','79','14','Ian','Developer I','Adore','Environmental Tech','348-398-7409','Active','2020-02-05 18:30:00','2019-10-13 00:00:00','prabhashanth@gmail.com','2001-11-05'),(221,'Borg Margaret','Male','427-12-5518','1','2','13','Borg','GIS Technical Architect','Florry','Account Coordinator','024-799-7515','Active','2019-10-02 18:30:00','2020-01-23 00:00:00','test@gmail.com','2009-05-20'),(222,'Hastings Leonarde','Male','221-49-5926','1','66','3','Hastings','Compensation Analyst','Petronella','Research Associate','545-692-5377','Active','2020-02-25 18:30:00','2020-06-19 00:00:00','fgh@test.com','2009-03-12'),(223,'Gayle Synnot','Male','730-82-8435','10','53','6','Gayle','Project Manager','Drucie','Tax Accountant','628-853-1363','Active','2020-03-31 18:30:00','2019-10-11 00:00:00','seniorteacher@test.com','2005-05-09'),(224,'Sherlock Bowlesworth','Female','298-68-0088','6','52','2','Sherlock','Senior Sales Associate','Serene','Director of Sales','999-583-4593','Active','2020-01-25 18:30:00','2020-04-21 00:00:00','seniorteacher@test.com','2002-06-27'),(225,'Bary Bloys','Male','470-05-0059','3','83','17','Bary','Web Designer IV','Lauretta','Associate Professor','169-138-4659','Active','2020-01-23 18:30:00','2019-09-10 00:00:00','test@gmail.com','2001-01-14'),(226,'Orton Dunmore','Female','255-59-3955','6','70','3','Orton','Associate Professor','Elga','Nuclear Power Engineer','364-840-6561','Active','2019-08-24 18:30:00','2019-10-10 00:00:00','fgh@test.com','2004-04-16'),(227,'Herby Allen','Male','551-32-5173','3','65','2','Herby','Statistician III','Wilow','Project Manager','317-671-4256','Active','2020-01-23 18:30:00','2020-05-26 00:00:00','fgh@test.com','2010-07-02'),(228,'Silvan Testro','Male','497-54-9378','9','85','14','Silvan','Legal Assistant','Marguerite','Budget/Accounting Analyst II','036-670-4210','Active','2020-01-29 18:30:00','2020-06-22 00:00:00','prabhashanth@gmail.com','2001-11-22'),(229,'Nicky Brewse','Female','856-26-4230','1','42','9','Nicky','Business Systems Development Analyst','Dore','Marketing Assistant','067-630-7737','Active','2020-06-25 18:30:00','2019-11-16 00:00:00','fgh@test.com','2010-03-16'),(230,'Waite Bremmell','Male','592-48-6781','3','81','1','Waite','Business Systems Development Analyst','Noelle','Senior Developer','330-272-3995','Active','2020-04-01 18:30:00','2020-08-02 00:00:00','test@gmail.com','2009-01-12'),(231,'Hardy Burkinshaw','Female','147-22-2348','10','8','8','Hardy','Research Nurse','Leilah','VP Sales','543-476-8446','Active','2020-06-23 18:30:00','2019-08-16 00:00:00','fgh@test.com','2003-11-07'),(232,'Chrissie Letchford','Female','418-40-4915','6','21','4','Chrissie','VP Sales','Pegeen','VP Quality Control','330-298-1460','Active','2020-02-10 18:30:00','2019-09-16 00:00:00','prabhashanth@gmail.com','2007-11-27'),(233,'Cullan Commander','Female','702-43-4802','6','31','17','Cullan','Civil Engineer','Drusi','Senior Sales Associate','293-871-4029','Active','2019-11-23 18:30:00','2020-07-16 00:00:00','test@test.com','2009-12-07'),(234,'Bearnard Glaze','Female','325-34-2123','7','20','17','Bearnard','Teacher','Charlot','Project Manager','690-867-4837','Active','2020-05-12 18:30:00','2020-02-23 00:00:00','test@gmail.com','2001-01-04'),(235,'Raffarty Lippard','Male','862-34-1442','4','12','5','Raffarty','Staff Scientist','Holly','Chemical Engineer','189-540-5023','Active','2019-09-21 18:30:00','2019-11-19 00:00:00','test@test.com','2002-03-16'),(236,'Kerwinn MacGillreich','Male','537-13-7216','7','13','6','Kerwinn','Structural Engineer','Magdalene','Food Chemist','213-273-8186','Active','2020-03-14 18:30:00','2020-05-23 00:00:00','test@gmail.com','2002-09-22'),(237,'Jermayne Harriman','Female','161-92-7339','2','42','8','Jermayne','Software Consultant','Portia','Research Associate','593-608-2126','Active','2020-05-03 18:30:00','2020-03-28 00:00:00','prabhashanth@gmail.com','2001-10-21'),(238,'Horatius Tieraney','Female','528-11-4478','7','43','26','Horatius','Compensation Analyst','Mirilla','Account Representative I','137-693-1855','Active','2019-09-12 18:30:00','2020-04-24 00:00:00','prabhashanth@gmail.com','2007-05-24'),(239,'Dmitri Najera','Female','698-32-1702','10','52','6','Dmitri','Research Associate','Kristel','Dental Hygienist','028-322-6903','Active','2020-05-21 18:30:00','2020-01-16 00:00:00','test@test.com','2008-07-20'),(240,'Rolland MacCosty','Male','479-11-0078','2','23','22','Rolland','Actuary','Elicia','Budget/Accounting Analyst III','316-790-3444','Active','2020-08-03 18:30:00','2019-09-15 00:00:00','test@gmail.com','2005-02-12'),(241,'Bernhard Spofford','Female','382-35-3299','3','20','2','Bernhard','Biostatistician IV','Estell','Recruiter','197-836-8083','Active','2019-10-24 18:30:00','2019-08-21 00:00:00','seniorteacher@test.com','2002-07-19'),(242,'Nicola O\'Kinedy','Female','527-25-7513','9','20','1','Nicola','Help Desk Operator','Karla','Staff Scientist','659-881-9005','Active','2019-10-12 18:30:00','2019-10-18 00:00:00','test@test.com','2001-09-26'),(243,'Isidro Oleszczak','Female','607-76-6233','10','95','8','Isidro','Senior Developer','Charity','Web Designer II','779-812-8455','Active','2019-10-19 18:30:00','2020-06-28 00:00:00','fgh@test.com','2009-09-21'),(244,'Carling Sweetnam','Female','191-98-0546','7','57','7','Carling','Web Designer I','Vernice','Software Consultant','725-075-8049','Active','2019-08-17 18:30:00','2020-02-24 00:00:00','test@gmail.com','2004-03-25'),(245,'Cullan Plumb','Female','722-64-6340','5','85','20','Cullan','Electrical Engineer','Xena','Operator','155-841-6895','Active','2019-12-26 18:30:00','2019-12-25 00:00:00','fgh@test.com','2000-12-11'),(246,'Clint Winspar','Female','459-73-6976','6','65','13','Clint','Tax Accountant','Nerte','Professor','050-773-0735','Active','2020-03-06 18:30:00','2019-10-19 00:00:00','test@test.com','2001-05-17'),(247,'Stephen Sidney','Female','290-66-3565','5','80','17','Stephen','Research Nurse','Sonnie','Geological Engineer','531-092-4559','Active','2019-09-05 18:30:00','2020-03-11 00:00:00','test@test.com','2003-09-05'),(248,'Jabez Gocher','Male','455-41-7437','2','27','20','Jabez','Web Designer III','Daphna','Professor','682-019-1422','Active','2019-12-07 18:30:00','2020-04-13 00:00:00','fgh@test.com','2002-07-04'),(249,'Bevin Wort','Male','617-34-8631','10','34','18','Bevin','Systems Administrator III','Andrei','Research Nurse','022-442-6738','Active','2020-04-25 18:30:00','2019-11-15 00:00:00','test@gmail.com','2001-09-15'),(250,'Denny Hamshaw','Male','473-60-2596','3','17','4','Denny','Systems Administrator I','Odette','General Manager','011-575-7117','Active','2019-08-26 18:30:00','2020-07-04 00:00:00','seniorteacher@test.com','2002-05-12'),(251,'Chrissy Sliney','Female','840-87-6971','2','6','1','Chrissy','Assistant Professor','Janet','Database Administrator I','092-255-9210','Active','2019-10-07 18:30:00','2020-03-27 00:00:00','test@test.com','2003-06-13'),(252,'Sherwood Oulet','Female','653-49-2030','1','88','8','Sherwood','Office Assistant II','Fina','Human Resources Manager','850-608-6010','Active','2019-10-23 18:30:00','2020-07-19 00:00:00','prabhashanth@gmail.com','2001-09-18'),(253,'Rosco Joost','Female','514-88-8500','6','54','11','Rosco','Actuary','Nana','GIS Technical Architect','348-340-5694','Active','2020-03-04 18:30:00','2019-09-22 00:00:00','test@test.com','2008-04-17'),(254,'Bradan McKune','Male','128-58-0091','3','14','7','Bradan','Tax Accountant','Ava','Clinical Specialist','245-099-6298','Active','2020-03-30 18:30:00','2020-05-19 00:00:00','seniorteacher@test.com','2008-08-19'),(255,'Frederik Sawle','Female','444-95-0568','6','59','1','Frederik','Structural Analysis Engineer','Kimmi','Assistant Media Planner','092-547-5224','Active','2019-11-21 18:30:00','2020-07-22 00:00:00','test@test.com','2000-10-29'),(256,'Peter Berisford','Female','789-16-2845','10','61','7','Peter','Engineer IV','Bobbette','Clinical Specialist','369-547-5255','Active','2020-01-18 18:30:00','2020-03-20 00:00:00','test@gmail.com','2004-09-26'),(257,'Rollin Woodland','Female','786-94-4430','4','36','13','Rollin','Software Engineer I','Flo','Senior Quality Engineer','172-230-6834','Active','2020-01-09 18:30:00','2020-02-03 00:00:00','prabhashanth@gmail.com','2008-12-18'),(258,'Giffie Billo','Female','623-82-7209','9','26','15','Giffie','Marketing Assistant','Jemimah','Senior Quality Engineer','315-112-7547','Active','2020-01-02 18:30:00','2020-04-05 00:00:00','seniorteacher@test.com','2002-04-25'),(259,'Earvin Carlile','Male','726-95-8520','6','95','14','Earvin','VP Product Management','Drucy','Assistant Professor','147-292-1692','Active','2019-09-02 18:30:00','2019-10-19 00:00:00','test@test.com','2002-08-05'),(260,'Raymond Wratten','Male','404-75-7748','3','20','8','Raymond','Geologist I','Antonina','Analog Circuit Design manager','567-857-7720','Active','2020-03-27 18:30:00','2020-07-19 00:00:00','test@gmail.com','2009-09-19'),(261,'Calhoun Tims','Male','468-78-3403','4','51','6','Calhoun','Software Engineer IV','Sheelagh','Account Coordinator','268-968-6553','Active','2020-06-22 18:30:00','2020-02-23 00:00:00','prabhashanth@gmail.com','2009-06-28'),(262,'Odie Akenhead','Female','499-28-1063','4','11','1','Odie','Executive Secretary','Arly','Actuary','856-640-0373','Active','2019-09-17 18:30:00','2020-04-23 00:00:00','test@gmail.com','2001-03-24'),(263,'Udale Scourgie','Female','889-47-0026','9','14','16','Udale','Mechanical Systems Engineer','Riannon','Food Chemist','704-163-3989','Active','2020-05-03 18:30:00','2020-08-07 00:00:00','test@test.com','2002-03-21'),(264,'Scotti Braney','Female','286-75-3222','1','19','15','Scotti','VP Sales','Helaina','Geological Engineer','715-702-4443','Active','2020-05-13 18:30:00','2019-10-26 00:00:00','seniorteacher@test.com','2006-10-07'),(265,'Andrew Solomonides','Male','437-54-8179','9','18','20','Andrew','Account Representative III','Chloette','Budget/Accounting Analyst IV','970-541-8396','Active','2019-12-23 18:30:00','2020-08-09 00:00:00','test@gmail.com','2003-02-13'),(266,'Israel Wadge','Female','841-97-8723','3','15','14','Israel','Safety Technician III','Henrietta','Clinical Specialist','514-673-0341','Active','2020-04-04 18:30:00','2020-04-25 00:00:00','fgh@test.com','2004-11-30'),(267,'Clem Hele','Male','240-27-9441','1','3','10','Clem','Marketing Assistant','Almeria','Geologist III','636-521-6542','Active','2020-05-29 18:30:00','2020-03-08 00:00:00','seniorteacher@test.com','2008-08-09'),(268,'Evelin Kose','Female','583-79-5657','9','84','11','Evelin','Junior Executive','Nesta','Biostatistician I','805-943-3466','Active','2020-01-14 18:30:00','2019-11-05 00:00:00','test@gmail.com','2005-07-09'),(269,'Richard Hapgood','Male','536-02-1839','1','52','22','Richard','Physical Therapy Assistant','Jermaine','Engineer IV','916-754-4992','Active','2020-04-25 18:30:00','2019-12-15 00:00:00','seniorteacher@test.com','2009-11-11'),(270,'Grange Zamorrano','Female','756-18-2157','10','59','26','Grange','Computer Systems Analyst I','Taryn','Financial Analyst','940-096-9212','Active','2019-08-24 18:30:00','2020-06-27 00:00:00','seniorteacher@test.com','2002-02-27'),(271,'Archer Jefferies','Male','654-17-2951','7','33','22','Archer','Sales Associate','Layla','Help Desk Technician','080-699-7199','Active','2019-11-26 18:30:00','2020-06-19 00:00:00','test@test.com','2005-10-14'),(272,'Basilio Kerins','Female','412-73-6236','9','88','11','Basilio','Staff Accountant IV','Jordana','Budget/Accounting Analyst II','214-971-3788','Active','2020-05-23 18:30:00','2020-06-06 00:00:00','fgh@test.com','2010-01-18'),(273,'Eliot Casarini','Female','459-23-3034','10','64','9','Eliot','Internal Auditor','Nat','Business Systems Development Analyst','280-548-2556','Active','2019-09-18 18:30:00','2019-12-04 00:00:00','fgh@test.com','2001-12-29'),(274,'Gamaliel Shear','Female','844-49-0036','3','93','10','Gamaliel','Senior Financial Analyst','Maris','Senior Sales Associate','002-339-3071','Active','2020-03-27 18:30:00','2020-05-25 00:00:00','seniorteacher@test.com','2004-10-24'),(275,'Den Agar','Female','259-14-0470','1','20','1','Den','Statistician II','Charlot','Dental Hygienist','834-762-8618','Active','2020-06-14 18:30:00','2019-12-02 00:00:00','test@gmail.com','2002-11-01'),(276,'Troy Weaving','Female','841-31-4024','4','85','5','Troy','Executive Secretary','Karlie','Dental Hygienist','749-012-9598','Active','2020-01-05 18:30:00','2019-11-04 00:00:00','seniorteacher@test.com','2010-05-24'),(277,'Benny Coase','Male','640-74-4328','2','21','12','Benny','Financial Analyst','Hally','Technical Writer','973-138-1717','Active','2020-02-07 18:30:00','2020-02-15 00:00:00','test@gmail.com','2003-05-28'),(278,'Dallon Rosander','Female','545-34-8013','8','46','1','Dallon','Web Developer I','Lorette','VP Sales','976-964-3489','Active','2019-09-29 18:30:00','2019-09-11 00:00:00','prabhashanth@gmail.com','2010-03-19'),(279,'Keir Domleo','Male','638-05-5025','8','12','23','Keir','Professor','Natala','Health Coach III','479-973-0450','Active','2020-03-29 18:30:00','2020-07-08 00:00:00','test@test.com','2010-06-07'),(280,'Reinaldos Angrave','Male','175-95-4525','6','65','7','Reinaldos','Technical Writer','Amara','Food Chemist','190-343-8948','Active','2019-10-10 18:30:00','2020-01-17 00:00:00','test@test.com','2001-06-25'),(281,'Cary Gavozzi','Female','314-52-1857','6','1','19','Cary','Senior Editor','Courtnay','Graphic Designer','273-992-7363','Active','2019-10-29 18:30:00','2020-04-21 00:00:00','prabhashanth@gmail.com','2004-01-12'),(282,'Lorant Wyllie','Male','758-14-4127','6','81','2','Lorant','Occupational Therapist','Jeni','Programmer Analyst IV','174-722-8194','Active','2020-01-14 18:30:00','2020-03-01 00:00:00','test@gmail.com','2002-05-22'),(283,'Reinhard Daglish','Male','388-59-5973','5','74','19','Reinhard','Cost Accountant','Renae','Office Assistant I','309-800-1225','Active','2019-10-24 18:30:00','2019-12-27 00:00:00','test@gmail.com','2001-11-26'),(284,'Clevey Hissie','Male','149-31-9386','1','33','23','Clevey','Research Associate','Salaidh','Speech Pathologist','542-892-8911','Active','2019-08-27 18:30:00','2019-11-02 00:00:00','fgh@test.com','2004-08-28'),(285,'Pincus Cinelli','Male','869-45-4771','8','5','14','Pincus','Senior Quality Engineer','Dominga','Associate Professor','671-929-2939','Active','2019-11-10 18:30:00','2020-04-26 00:00:00','test@test.com','2008-10-22'),(286,'Gerard Santon','Female','591-63-5827','8','72','5','Gerard','Electrical Engineer','Marta','Engineer II','868-741-7386','Active','2020-01-04 18:30:00','2020-03-26 00:00:00','prabhashanth@gmail.com','2005-07-24'),(287,'Gus Goodings','Male','619-98-0014','1','90','9','Gus','GIS Technical Architect','Mel','VP Product Management','323-315-1195','Active','2019-12-29 18:30:00','2019-10-29 00:00:00','fgh@test.com','2003-07-15'),(288,'Boy Iscowitz','Male','848-69-4016','3','26','2','Boy','Information Systems Manager','Jade','Accounting Assistant IV','599-693-8805','Active','2020-01-17 18:30:00','2019-12-02 00:00:00','test@gmail.com','2006-03-31'),(289,'Giffer Ledgister','Male','201-55-1589','3','73','10','Giffer','Administrative Officer','Wenonah','Human Resources Manager','293-206-4189','Active','2019-09-11 18:30:00','2020-03-07 00:00:00','test@test.com','2010-03-30'),(290,'Merrill Tacon','Female','439-04-3373','1','23','5','Merrill','Pharmacist','Georgeta','Budget/Accounting Analyst II','371-645-2199','Active','2020-04-25 18:30:00','2020-07-10 00:00:00','fgh@test.com','2010-08-01'),(291,'Corty Bare','Female','206-49-3546','3','7','4','Corty','Account Representative IV','Adriane','Marketing Assistant','365-576-4276','Active','2020-05-28 18:30:00','2019-08-20 00:00:00','seniorteacher@test.com','2001-03-09'),(292,'Orton Laherty','Female','499-14-3335','6','53','3','Orton','Systems Administrator I','Lorenza','Software Engineer III','844-050-2445','Active','2019-09-02 18:30:00','2020-05-29 00:00:00','prabhashanth@gmail.com','2007-09-12'),(293,'Gunner Simm','Female','807-62-9187','4','43','16','Gunner','Health Coach I','Carlye','Chemical Engineer','658-320-1818','Active','2019-09-29 18:30:00','2020-07-05 00:00:00','prabhashanth@gmail.com','2004-11-01'),(294,'Salem Ridhole','Male','692-55-8569','2','41','12','Salem','Help Desk Operator','Micheline','Occupational Therapist','336-113-7184','Active','2020-07-28 18:30:00','2020-01-03 00:00:00','prabhashanth@gmail.com','2006-04-24'),(295,'Cheston McGrory','Male','384-97-7510','6','51','2','Cheston','Financial Advisor','Jeniece','Quality Engineer','387-764-9481','Active','2020-01-04 18:30:00','2019-11-09 00:00:00','fgh@test.com','2005-01-12'),(296,'Drud Rossiter','Female','833-52-3211','8','101','9','Drud','Information Systems Manager','Angele','Systems Administrator III','748-642-2470','Active','2019-09-06 18:30:00','2019-09-19 00:00:00','test@test.com','2009-10-26'),(297,'Keane Broschek','Female','147-83-1656','2','27','16','Keane','Programmer I','Tiphanie','Social Worker','831-386-6343','Active','2019-10-02 18:30:00','2019-11-08 00:00:00','test@test.com','2008-11-01'),(298,'Christoforo Flucker','Male','856-32-9856','5','68','22','Christoforo','Data Coordiator','Iolande','Structural Engineer','266-869-6791','Active','2020-02-12 18:30:00','2019-11-12 00:00:00','test@gmail.com','2003-07-19'),(299,'Nicky Rodd','Male','552-29-2411','1','24','18','Nicky','Product Engineer','Sheilah','Data Coordiator','171-237-0425','Active','2020-03-06 18:30:00','2019-11-28 00:00:00','seniorteacher@test.com','2002-04-30'),(300,'Gamaliel Lomas','Male','548-28-4869','4','27','8','Gamaliel','Nuclear Power Engineer','Delcine','Senior Editor','767-364-9901','Active','2020-04-01 18:30:00','2019-09-14 00:00:00','test@gmail.com','2009-12-27');
/*!40000 ALTER TABLE `student` ENABLE KEYS */;
UNLOCK TABLES;

--
-- Table structure for table `student_bkp`
--

DROP TABLE IF EXISTS `student_bkp`;
/*!40101 SET @saved_cs_client     = @@character_set_client */;
/*!50503 SET character_set_client = utf8mb4 */;
CREATE TABLE `student_bkp` (
  `id` int NOT NULL AUTO_INCREMENT,
  `student_name` varchar(150) NOT NULL,
  `gender` enum('Male','Female') DEFAULT NULL,
  `aadhar` varchar(50) DEFAULT NULL,
  `class_std` varchar(20) DEFAULT NULL,
  `kalika_kendra_id` varchar(100) DEFAULT NULL,
  `cluster_id` varchar(100) DEFAULT NULL,
  `father_name` varchar(150) DEFAULT NULL,
  `father_occupation` varchar(150) DEFAULT NULL,
  `mother_name` varchar(150) DEFAULT NULL,
  `mother_occupation` varchar(150) DEFAULT NULL,
  `contact` varchar(15) DEFAULT NULL,
  `isactive` enum('Active','Inactive') DEFAULT 'Active',
  `register_date` timestamp NULL DEFAULT CURRENT_TIMESTAMP,
  `modified_date` datetime DEFAULT CURRENT_TIMESTAMP,
  `modified_by` varchar(100) DEFAULT NULL,
  `dob` varchar(15) DEFAULT NULL,
  PRIMARY KEY (`id`),
  UNIQUE KEY `aadhar` (`aadhar`),
  KEY `kalika_kendra_id` (`kalika_kendra_id`),
  KEY `cluster_id` (`cluster_id`)
) ENGINE=MyISAM AUTO_INCREMENT=20 DEFAULT CHARSET=latin1;
/*!40101 SET character_set_client = @saved_cs_client */;

--
-- Dumping data for table `student_bkp`
--

LOCK TABLES `student_bkp` WRITE;
/*!40000 ALTER TABLE `student_bkp` DISABLE KEYS */;
INSERT INTO `student_bkp` VALUES (9,'teststudent1','Male','2324','9','1','1','fdhhd','dhd','dhdh','dhdh','14','Active','2020-05-17 06:27:49','2020-05-23 23:08:25','',NULL),(2,'teststudent1','Male','112213','3','35','10','testfather','fatheroccu','testmother','motheroccu','1133','Inactive','2020-05-15 16:33:39','2020-05-23 17:57:21','test t2',NULL),(3,'teststudent1','Male','1122134','3','35','10','','','','','1133','Inactive','2020-05-15 16:33:39','2020-05-23 23:08:25','',NULL),(4,'teststudent3','Female','11221345','5','35','10','fds','fhf','fghf','fhf','1133','Active','2020-05-15 16:34:45','2020-05-23 23:08:25','',NULL),(5,'teststudent4','Female','112213456','7','35','10','khk','kjljl','l;k;','l;jlk','1234','Active','2020-05-15 16:37:22','2020-05-23 23:08:25','',NULL),(6,'teststudent5','Male','1122134567','8','35','10','etete','etery','trutru','rturtu','1133','Active','2020-05-15 16:40:27','2020-05-23 23:08:25','',NULL),(7,'teststudent1','Male','112','3','35','10','','','','','1133','Active','2020-05-16 10:11:18','2020-05-23 23:08:25','',NULL),(8,'jnaag','Male','154564 6','7','36','10','dgdf','agdsg','sgfg','dfgdf','dfgfd','Active','2020-05-17 04:00:46','2020-05-31 14:07:37','venu gopal',NULL),(10,'e','Male','1121','3','36','10','dgd','dgdg','dg','dg','123345','Active','2020-05-22 16:32:15','2020-05-24 04:43:53','venugopal p',NULL),(11,'teststudent1','Male','11221311111','sdf','36','10','sdfs','sg','sfgs','sgs','sgsg','Active','2020-05-22 16:32:43','2020-05-23 23:08:25','',NULL),(12,'sdg','Female','11221332134','3','36','10','etete','sdg','sgs','sgsg','14','Active','2020-05-22 16:33:09','2020-05-24 06:35:35','venu gopal',NULL),(13,'teststudent1','Male','11221389','4','36','10','testfather','kjljl','sgfg','motheroccu','123345','Active','2020-05-22 16:34:23','2020-06-14 04:20:27','venu gopal',NULL),(14,'jnaag','Male','11289','9','36','10','fg','fg','fh','dhdh','hff','Inactive','2020-05-23 12:20:30','2020-05-30 10:51:39','venu gopal',NULL),(18,'Rudra Ghosh','Male','123','10','1','1',NULL,NULL,NULL,NULL,NULL,NULL,'2020-08-02 05:05:09','2020-08-02 10:35:09','rudra22@gmail.com',NULL),(19,'Rudra Ghosh','Male','1234','10','2','1',NULL,NULL,NULL,NULL,NULL,NULL,'2020-08-05 10:36:30','2020-08-05 16:06:30','rudra22@gmail.com',NULL);
/*!40000 ALTER TABLE `student_bkp` ENABLE KEYS */;
UNLOCK TABLES;

--
-- Table structure for table `subject`
--

DROP TABLE IF EXISTS `subject`;
/*!40101 SET @saved_cs_client     = @@character_set_client */;
/*!50503 SET character_set_client = utf8mb4 */;
CREATE TABLE `subject` (
  `id` int NOT NULL AUTO_INCREMENT,
  `subject_name` varchar(200) NOT NULL,
  `subject_code` varchar(50) NOT NULL,
  `isactive` tinyint(1) NOT NULL DEFAULT '1',
  PRIMARY KEY (`id`),
  UNIQUE KEY `subject_name_UNIQUE` (`subject_name`),
  UNIQUE KEY `subject_code_UNIQUE` (`subject_code`)
) ENGINE=MyISAM AUTO_INCREMENT=164 DEFAULT CHARSET=latin1;
/*!40101 SET character_set_client = @saved_cs_client */;

--
-- Dumping data for table `subject`
--

LOCK TABLES `subject` WRITE;
/*!40000 ALTER TABLE `subject` DISABLE KEYS */;
INSERT INTO `subject` VALUES (1,'Language','LANG',1),(2,'Mathematics','MATH',1),(3,'Co-Curriculum','COCLM',1),(4,'Personality_Development','PD',1),(5,'Health','HLTH',1);
/*!40000 ALTER TABLE `subject` ENABLE KEYS */;
UNLOCK TABLES;

--
-- Table structure for table `teacher`
--

DROP TABLE IF EXISTS `teacher`;
/*!40101 SET @saved_cs_client     = @@character_set_client */;
/*!50503 SET character_set_client = utf8mb4 */;
CREATE TABLE `teacher` (
  `id` int NOT NULL AUTO_INCREMENT,
  `teacher_name` varchar(200) NOT NULL,
  `teacher_code` varchar(50) NOT NULL,
  `cluster_id` int DEFAULT NULL,
  `kalika_kendra_id` int DEFAULT NULL,
  `isactive` tinyint(1) NOT NULL DEFAULT '1',
  `bank_account_no` varchar(45) DEFAULT NULL,
  `bank_name` varchar(45) DEFAULT NULL,
  `ifsc` varchar(45) DEFAULT NULL,
  `teacher_category` varchar(10) DEFAULT NULL,
  `creation_date` datetime DEFAULT CURRENT_TIMESTAMP,
  `modified_date` datetime DEFAULT CURRENT_TIMESTAMP,
  PRIMARY KEY (`id`),
  UNIQUE KEY `teacher_code_UNIQUE` (`teacher_code`),
  KEY `cluster_id` (`cluster_id`),
  KEY `kalika_kendra_id` (`kalika_kendra_id`)
) ENGINE=MyISAM AUTO_INCREMENT=174 DEFAULT CHARSET=latin1;
/*!40101 SET character_set_client = @saved_cs_client */;

--
-- Dumping data for table `teacher`
--

LOCK TABLES `teacher` WRITE;
/*!40000 ALTER TABLE `teacher` DISABLE KEYS */;
INSERT INTO `teacher` VALUES (22,'Yashaswini N','18ANK013',1,1,1,NULL,NULL,NULL,NULL,'2020-08-08 14:40:30','2020-08-08 14:40:30'),(139,'Sharada J','19ANK097',1,2,1,NULL,NULL,NULL,NULL,'2020-08-08 14:40:30','2020-08-08 14:40:30'),(132,'Roopashree M N','19ANK090',1,3,1,NULL,NULL,NULL,NULL,'2020-08-08 14:40:30','2020-08-08 14:40:30'),(128,'Latha','10VBN002',1,4,1,NULL,NULL,NULL,NULL,'2020-08-08 14:40:30','2020-08-08 14:40:30'),(23,'Jaisudha','18ANK026',1,5,1,NULL,NULL,NULL,NULL,'2020-08-08 14:40:30','2020-08-08 14:40:30'),(51,'Rashmitha V','19ANK007',1,6,1,NULL,NULL,NULL,NULL,'2020-08-08 14:40:30','2020-08-08 14:40:30'),(56,'Mamatha  B','19ANK046',1,7,1,NULL,NULL,NULL,NULL,'2020-08-08 14:40:30','2020-08-08 14:40:30'),(52,'Pavitra  N','19ANK008',1,8,1,NULL,NULL,NULL,NULL,'2020-08-08 14:40:30','2020-08-08 14:40:30'),(53,'Deepa Y','19ANK012',1,9,1,NULL,NULL,NULL,NULL,'2020-08-08 14:40:30','2020-08-08 14:40:30'),(54,'Murali N','19ANK044',1,10,1,NULL,NULL,NULL,NULL,'2020-08-08 14:40:30','2020-08-08 14:40:30'),(55,'Varalakshmi M','19ANK045',1,11,1,NULL,NULL,NULL,NULL,'2020-08-08 14:40:30','2020-08-08 14:40:30'),(24,'Shobha R','18ANK029',1,12,1,NULL,NULL,NULL,NULL,'2020-08-08 14:40:30','2020-08-08 14:40:30'),(25,'Sunitha','18ANK030',1,13,1,NULL,NULL,NULL,NULL,'2020-08-08 14:40:30','2020-08-08 14:40:30'),(50,'Shilpa C','19ANJ034',2,14,1,NULL,NULL,NULL,NULL,'2020-08-08 14:40:30','2020-08-08 14:40:30'),(49,'Karthik R','19ANJ004',2,15,1,NULL,NULL,NULL,NULL,'2020-08-08 14:40:30','2020-08-08 14:40:30'),(57,'Jyothi N','19BGP047',3,16,1,NULL,NULL,NULL,NULL,'2020-08-08 14:40:30','2020-08-08 14:40:30'),(148,'Jyothi M  ','19BLR106',4,17,1,NULL,NULL,NULL,NULL,'2020-08-08 14:40:30','2020-08-08 14:40:30'),(58,'Kavana','19HBL048',5,18,1,NULL,NULL,NULL,NULL,'2020-08-08 14:40:30','2020-08-08 14:40:30'),(59,'Meghana','19HBL049',5,18,1,NULL,NULL,NULL,NULL,'2020-08-08 14:40:30','2020-08-08 14:40:30'),(13,'Pavitra K','16HON006',6,19,1,NULL,NULL,NULL,NULL,'2020-08-08 14:40:30','2020-08-08 14:40:30'),(144,'Radha B','19HON102',6,19,1,NULL,NULL,NULL,NULL,'2020-08-08 14:40:30','2020-08-08 14:40:30'),(27,'Kusuma G','18HON033',6,20,1,NULL,NULL,NULL,NULL,'2020-08-08 14:40:30','2020-08-08 14:40:30'),(28,'Selva R','18HON040',6,20,1,NULL,NULL,NULL,NULL,'2020-08-08 14:40:30','2020-08-08 14:40:30'),(26,'Rakshitha Y','18HON010',6,21,1,NULL,NULL,NULL,NULL,'2020-08-08 14:40:30','2020-08-08 14:40:30'),(154,'Pushpa R','19HON112',6,23,1,NULL,NULL,NULL,NULL,'2020-08-08 14:40:30','2020-08-08 14:40:30'),(63,'Harshitha P Swamy','19HSR050',7,24,1,NULL,NULL,NULL,NULL,'2020-08-08 14:40:30','2020-08-08 14:40:30'),(60,'Nagaraj  ','19HSR014',7,25,1,NULL,NULL,NULL,NULL,'2020-08-08 14:40:30','2020-08-08 14:40:30'),(61,'Naveed','19HSR015',7,25,1,NULL,NULL,NULL,NULL,'2020-08-08 14:40:30','2020-08-08 14:40:30'),(123,'Mohammed Yusuf','19HSR081',7,25,1,NULL,NULL,NULL,NULL,'2020-08-08 14:40:30','2020-08-08 14:40:30'),(124,'Akhila','19HSR082',7,25,1,NULL,NULL,NULL,NULL,'2020-08-08 14:40:30','2020-08-08 14:40:30'),(29,'Mayuri S','18HSR005',7,26,1,NULL,NULL,NULL,NULL,'2020-08-08 14:40:30','2020-08-08 14:40:30'),(30,'Neelambika S','18HSR007',7,26,1,NULL,NULL,NULL,NULL,'2020-08-08 14:40:30','2020-08-08 14:40:30'),(31,'Rakshitha R','18JNA009',10,34,1,NULL,NULL,NULL,NULL,'2020-08-08 14:40:30','2020-08-08 14:40:30'),(68,'Yashodha Bai P','19JNA033',10,34,1,NULL,NULL,NULL,NULL,'2020-08-08 14:40:30','2020-08-08 14:40:30'),(14,'Spoorthi H','16JNA007',10,35,1,NULL,NULL,NULL,NULL,'2020-08-08 14:40:30','2020-08-08 14:40:30'),(32,'Kavya N S','18JNA032',10,35,1,NULL,NULL,NULL,NULL,'2020-08-08 14:40:30','2020-08-08 14:40:30'),(69,'Annapoorna H M ','19JNA054',10,35,1,NULL,NULL,NULL,NULL,'2020-08-08 14:40:30','2020-08-08 14:40:30'),(121,'Unne Salma','I9JNA079',10,35,1,NULL,NULL,NULL,NULL,'2020-08-08 14:40:30','2020-08-08 14:40:30'),(122,'Anusha N V','I9JNA080',10,36,1,NULL,NULL,NULL,NULL,'2020-08-08 14:40:30','2020-08-08 14:40:30'),(140,'Vidya Shree N','19JNA098',10,36,1,NULL,NULL,NULL,NULL,'2020-08-08 14:40:30','2020-08-08 14:40:30'),(65,'Shalini','19JNA030',10,37,1,NULL,NULL,NULL,NULL,'2020-08-08 14:40:30','2020-08-08 14:40:30'),(67,'Mahalakshmi M','19JNA032',10,37,1,NULL,NULL,NULL,NULL,'2020-08-08 14:40:30','2020-08-08 14:40:30'),(70,'Renukadevi R','19JNA055',10,37,1,NULL,NULL,NULL,NULL,'2020-08-08 14:40:30','2020-08-08 14:40:30'),(64,'Arathi S','19JNA010',10,38,1,NULL,NULL,NULL,NULL,'2020-08-08 14:40:30','2020-08-08 14:40:30'),(66,'Ranjitha R','19JNA031',10,38,1,NULL,NULL,NULL,NULL,'2020-08-08 14:40:30','2020-08-08 14:40:30'),(152,'Chaithanya R','19JNA110',10,40,1,NULL,NULL,NULL,NULL,'2020-08-08 14:40:30','2020-08-08 14:40:30'),(137,'Sundaramma','19KGP095',11,41,1,NULL,NULL,NULL,NULL,'2020-08-08 14:40:30','2020-08-08 14:40:30'),(81,'Usha M','19KGP018',11,42,1,NULL,NULL,NULL,NULL,'2020-08-08 14:40:30','2020-08-08 14:40:30'),(38,'Tanu','18KGP012',11,43,1,NULL,NULL,NULL,NULL,'2020-08-08 14:40:30','2020-08-08 14:40:30'),(133,'Vanishree','19KGP091',11,44,1,NULL,NULL,NULL,NULL,'2020-08-08 14:40:30','2020-08-08 14:40:30'),(134,'Ranjitha K S','19KGP092',11,44,1,NULL,NULL,NULL,NULL,'2020-08-08 14:40:30','2020-08-08 14:40:30'),(37,'Vedavathi','18KGP001',11,45,1,NULL,NULL,NULL,NULL,'2020-08-08 14:40:30','2020-08-08 14:40:30'),(79,'Naziya','19KGP058',11,46,1,NULL,NULL,NULL,NULL,'2020-08-08 14:40:30','2020-08-08 14:40:30'),(15,'Sundramma T','16KGP003',11,47,1,NULL,NULL,NULL,NULL,'2020-08-08 14:40:30','2020-08-08 14:40:30'),(80,'Hemalatha R','19KGP057',11,48,1,NULL,NULL,NULL,NULL,'2020-08-08 14:40:30','2020-08-08 14:40:30'),(145,'Lalitha Bai','19KLB103',12,49,1,NULL,NULL,NULL,NULL,'2020-08-08 14:40:30','2020-08-08 14:40:30'),(82,'Harshitha K R','19KUN059',13,50,1,NULL,NULL,NULL,NULL,'2020-08-08 14:40:30','2020-08-08 14:40:30'),(130,'Vinoda N','19LAL088',14,51,1,NULL,NULL,NULL,NULL,'2020-08-08 14:40:30','2020-08-08 14:40:30'),(153,'Hanumana Gowda','19LAL111',14,51,1,NULL,NULL,NULL,NULL,'2020-08-08 14:40:30','2020-08-08 14:40:30'),(86,'Gowramma','19LAL060',14,52,1,NULL,NULL,NULL,NULL,'2020-08-08 14:40:30','2020-08-08 14:40:30'),(147,'Jyothi R','19LAL105',14,53,1,NULL,NULL,NULL,NULL,'2020-08-08 14:40:30','2020-08-08 14:40:30'),(88,'Sowmya','19LAL062',14,54,1,NULL,NULL,NULL,NULL,'2020-08-08 14:40:30','2020-08-08 14:40:30'),(155,'Reena K','19LAL113',14,54,1,NULL,NULL,NULL,NULL,'2020-08-08 14:40:30','2020-08-08 14:40:30'),(83,'Yogeswari S','19LAL040',14,55,1,NULL,NULL,NULL,NULL,'2020-08-08 14:40:30','2020-08-08 14:40:30'),(85,'Aruna','19LAL042',14,55,1,NULL,NULL,NULL,NULL,'2020-08-08 14:40:30','2020-08-08 14:40:30'),(141,'Niveditha R','19LAL099',14,56,1,NULL,NULL,NULL,NULL,'2020-08-08 14:40:30','2020-08-08 14:40:30'),(146,'Geetha R','19LAL104',14,56,1,NULL,NULL,NULL,NULL,'2020-08-08 14:40:30','2020-08-08 14:40:30'),(87,'Malleshwari','19LAL061',14,57,1,NULL,NULL,NULL,NULL,'2020-08-08 14:40:30','2020-08-08 14:40:30'),(84,'Roji','19LAL041',17,65,1,NULL,NULL,NULL,NULL,'2020-08-08 14:40:30','2020-08-08 14:40:30'),(156,'Sarika Mittal','19SRK114',17,65,1,NULL,NULL,NULL,NULL,'2020-08-08 14:40:30','2020-08-08 14:40:30'),(151,'Mallika ','19SRK109',17,66,1,NULL,NULL,NULL,NULL,'2020-08-08 14:40:30','2020-08-08 14:40:30'),(43,'Radhika S M','18SRK039',17,67,1,NULL,NULL,NULL,NULL,'2020-08-08 14:40:30','2020-08-08 14:40:30'),(7,'Sarala P N R','15SRK005',17,68,1,NULL,NULL,NULL,NULL,'2020-08-08 14:40:30','2020-08-08 14:40:30'),(20,'Bhima Bai ','17SRK001',17,68,1,NULL,NULL,NULL,NULL,'2020-08-08 14:40:30','2020-08-08 14:40:30'),(2,'Savitri','12SRK002',17,69,1,NULL,NULL,NULL,NULL,'2020-08-08 14:40:30','2020-08-08 14:40:30'),(101,'Meghala','19SRK066',17,69,1,NULL,NULL,NULL,NULL,'2020-08-08 14:40:30','2020-08-08 14:40:30'),(129,'Vijay Naren Ganga','19SRK087',17,69,1,NULL,NULL,NULL,NULL,'2020-08-08 14:40:30','2020-08-08 14:40:30'),(150,'Anusha S R','19SRK108',17,69,1,NULL,NULL,NULL,NULL,'2020-08-08 14:40:30','2020-08-08 14:40:30'),(17,'Punith P N R','16SRK001',17,70,1,NULL,NULL,NULL,NULL,'2020-08-08 14:40:30','2020-08-08 14:40:30'),(100,'Pooja H G','19SRK065',17,72,1,NULL,NULL,NULL,NULL,'2020-08-08 14:40:30','2020-08-08 14:40:30'),(138,'Jayashree S','19SRJ096',18,73,1,NULL,NULL,NULL,NULL,'2020-08-08 14:40:30','2020-08-08 14:40:30'),(39,'Harshitha G','18SRJ003',18,74,1,NULL,NULL,NULL,NULL,'2020-08-08 14:40:30','2020-08-08 14:40:30'),(40,'Nayana N','18SRJ016',18,74,1,NULL,NULL,NULL,NULL,'2020-08-08 14:40:30','2020-08-08 14:40:30'),(142,'Pavitra D K','19SRJ100',18,74,1,NULL,NULL,NULL,NULL,'2020-08-08 14:40:30','2020-08-08 14:40:30'),(143,'Chandana K','19SRJ101',18,74,1,NULL,NULL,NULL,NULL,'2020-08-08 14:40:30','2020-08-08 14:40:30'),(99,'Umashree','19SRJ067',18,75,1,NULL,NULL,NULL,NULL,'2020-08-08 14:40:30','2020-08-08 14:40:30'),(41,'Jeevitha','18SRJ020',18,76,1,NULL,NULL,NULL,NULL,'2020-08-08 14:40:30','2020-08-08 14:40:30'),(42,'Anupriya','18SRJ021',18,76,1,NULL,NULL,NULL,NULL,'2020-08-08 14:40:30','2020-08-08 14:40:30'),(104,'Sandhya S','19SUN069',19,77,1,NULL,NULL,NULL,NULL,'2020-08-08 14:40:30','2020-08-08 14:40:30'),(103,'Kavya L','19SUN068',19,79,1,NULL,NULL,NULL,NULL,'2020-08-08 14:40:30','2020-08-08 14:40:30'),(102,'Ananda','19SUN017',19,80,1,NULL,NULL,NULL,NULL,'2020-08-08 14:40:30','2020-08-08 14:40:30'),(135,'Chaithra N','19TTG093',20,81,1,NULL,NULL,NULL,NULL,'2020-08-08 14:40:30','2020-08-08 14:40:30'),(136,'Pooja S','19TTG094',20,81,1,NULL,NULL,NULL,NULL,'2020-08-08 14:40:30','2020-08-08 14:40:30'),(44,'Nandini S','18TTG006',20,83,1,NULL,NULL,NULL,NULL,'2020-08-08 14:40:30','2020-08-08 14:40:30'),(107,'Yashaswini J','19TTG009',20,83,1,NULL,NULL,NULL,NULL,'2020-08-08 14:40:30','2020-08-08 14:40:30'),(127,'Dakshatha','19TTG085',20,83,1,NULL,NULL,NULL,NULL,'2020-08-08 14:40:30','2020-08-08 14:40:30'),(8,'Rajamma','15TTG004',20,84,1,NULL,NULL,NULL,NULL,'2020-08-08 14:40:30','2020-08-08 14:40:30'),(108,'Manjula','19TTG071',20,85,1,NULL,NULL,NULL,NULL,'2020-08-08 14:40:30','2020-08-08 14:40:30'),(106,'Varalakshmi','19TTG006',20,86,1,NULL,NULL,NULL,NULL,'2020-08-08 14:40:30','2020-08-08 14:40:30'),(110,'Chhotu Kumar','19UTR072',21,87,1,NULL,NULL,NULL,NULL,'2020-08-08 14:40:30','2020-08-08 14:40:30'),(111,'Ambika K','19UTR073',21,88,1,NULL,NULL,NULL,NULL,'2020-08-08 14:40:30','2020-08-08 14:40:30'),(112,'Sharan M','19UTR074',21,88,1,NULL,NULL,NULL,NULL,'2020-08-08 14:40:30','2020-08-08 14:40:30'),(10,'Jayashreeyamma','15UTR008',21,90,1,NULL,NULL,NULL,NULL,'2020-08-08 14:40:30','2020-08-08 14:40:30'),(21,'Lakshmi','17UTR003',21,90,1,NULL,NULL,NULL,NULL,'2020-08-08 14:40:30','2020-08-08 14:40:30'),(109,'Ramya R','19UTR027',21,90,1,NULL,NULL,NULL,NULL,'2020-08-08 14:40:30','2020-08-08 14:40:30'),(116,'Thanuja','19WVR039',23,94,1,NULL,NULL,NULL,NULL,'2020-08-08 14:40:30','2020-08-08 14:40:30'),(117,'Shakthi Prasad J','19WVR043',23,94,1,NULL,NULL,NULL,NULL,'2020-08-08 14:40:30','2020-08-08 14:40:30'),(125,'Yashaswini S','19WVR083',23,94,1,NULL,NULL,NULL,NULL,'2020-08-08 14:40:30','2020-08-08 14:40:30'),(126,'Asha ','19WVR084',23,94,1,NULL,NULL,NULL,NULL,'2020-08-08 14:40:30','2020-08-08 14:40:30'),(118,'Bhoomika M','19WVR076',23,95,1,NULL,NULL,NULL,NULL,'2020-08-08 14:40:30','2020-08-08 14:40:30'),(119,'Harilakshmi','19WVR077',23,95,1,NULL,NULL,NULL,NULL,'2020-08-08 14:40:30','2020-08-08 14:40:30'),(115,'Yogesh N','19WVR020',23,96,1,NULL,NULL,NULL,NULL,'2020-08-08 14:40:30','2020-08-08 14:40:30'),(19,'Sindhu','16WVR002',23,98,1,NULL,NULL,NULL,NULL,'2020-08-08 14:40:30','2020-08-08 14:40:30'),(114,'Chaithra C','19WVR019',23,99,1,NULL,NULL,NULL,NULL,'2020-08-08 14:40:30','2020-08-08 14:40:30');
/*!40000 ALTER TABLE `teacher` ENABLE KEYS */;
UNLOCK TABLES;

--
-- Table structure for table `user`
--

DROP TABLE IF EXISTS `user`;
/*!40101 SET @saved_cs_client     = @@character_set_client */;
/*!50503 SET character_set_client = utf8mb4 */;
CREATE TABLE `user` (
  `id` int NOT NULL AUTO_INCREMENT,
  `email` varchar(50) NOT NULL,
  `password` varchar(50) NOT NULL,
  `first_name` varchar(50) NOT NULL,
  `last_name` varchar(50) NOT NULL,
  `organization_id` int DEFAULT NULL,
  `user_role_id` int NOT NULL,
  `gender` varchar(200) CHARACTER SET utf8 COLLATE utf8_general_ci NOT NULL,
  `mobile` varchar(50) DEFAULT NULL,
  `designation` varchar(200) NOT NULL DEFAULT 'Volunteer',
  `image` varchar(250) DEFAULT NULL,
  `type` varchar(250) NOT NULL DEFAULT 'general',
  `status` enum('active','pending','deleted','') NOT NULL DEFAULT 'pending',
  `authtoken` varchar(250) DEFAULT NULL,
  `teacher_code` varchar(50) DEFAULT NULL,
  `bloodgroup` varchar(10) DEFAULT NULL,
  PRIMARY KEY (`id`),
  UNIQUE KEY `teacher_code_UNIQUE` (`teacher_code`),
  KEY `fk_organization_id_idx` (`organization_id`),
  KEY `fk_role_id_idx` (`user_role_id`)
) ENGINE=InnoDB AUTO_INCREMENT=33 DEFAULT CHARSET=latin1;
/*!40101 SET character_set_client = @saved_cs_client */;

--
-- Dumping data for table `user`
--

LOCK TABLES `user` WRITE;
/*!40000 ALTER TABLE `user` DISABLE KEYS */;
INSERT INTO `user` VALUES (1,'prabhashanth@gmail.com','e10adc3949ba59abbe56e057f20f883e','venugopal','p',1,1,'male','','Abhyudaya',NULL,'administrator','active','73f66749989c7b09389894f1b27daa731143dd4faede2301089760423f81e0d4','',NULL),(2,'test@gmail.com','202cb962ac59075b964b07152d234b70','venugopal1','3',2,1,'male','456','Kalika kendra Teacher',NULL,'general','active','73f66749989c7b09389894f1b27daa731aedb8d9dc4751e229a335e371db8058','18ANK013',NULL),(3,'fgh@test.com','202cb962ac59075b964b07152d234b70','venu','gopal',2,2,'male','','Kalika kendra Teacher',NULL,'general','active','73f66749989c7b09389894f1b27daa73574acd52eb5e3e81d882234d7a76ea2e','I9JNA080',NULL),(4,'roops.v12@gmail.com','202cb962ac59075b964b07152d234b70','roopa ','v',2,3,'female','','Abhyudaya',NULL,'general','active','73f66749989c7b09389894f1b27daa7374cb08c7f617401f12be96adbaf5e035',NULL,NULL),(5,'test@test.com','202cb962ac59075b964b07152d234b70','roopa ','v2',3,1,'female','123','Kalika kendra Teacher',NULL,'general','active','73f66749989c7b09389894f1b27daa73b642b4217b34b1e8d3bd915fc65c4452','16JNA007',NULL),(6,'seniorteacher@test.com','202cb962ac59075b964b07152d234b70','test','t2',3,2,'male','456','Senior Teacher',NULL,'general','active','73f66749989c7b09389894f1b27daa73f2c97b1f2d2898cd2d6466ce95d4ba33','10VBN001',NULL),(7,'test6@test.com','202cb962ac59075b964b07152d234b70','test6','6',3,3,'male','ewr','Kalika kendra Teacher',NULL,'general','active','73f66749989c7b09389894f1b27daa7347f0449613bf679facca175081351925',NULL,NULL),(8,'test7@test.com','202cb962ac59075b964b07152d234b70','test7','7',4,1,'male','123','Kalika kendra Teacher',NULL,'general','active','73f66749989c7b09389894f1b27daa739a3f499f653f7e8d4c5bf3ae0cf6418f',NULL,NULL),(9,'test8@test.com','202cb962ac59075b964b07152d234b70','test8','8',4,2,'female','w','Volunteer',NULL,'general','active','73f66749989c7b09389894f1b27daa73ffb87db3d96e21091b32d48115b18456',NULL,NULL),(10,'test9@test.com','202cb962ac59075b964b07152d234b70','test9','9',4,3,'male','24','Kalika kendra Teacher',NULL,'general','active','73f66749989c7b09389894f1b27daa734a2bae9101a5144712a41f21e0cbabb6',NULL,NULL),(11,'test10@test.com','202cb962ac59075b964b07152d234b70','test10','10',5,1,'female','2244','Senior Teacher',NULL,'general','active','73f66749989c7b09389894f1b27daa736ec1cfdc728f001cdca2d1d1725ea263',NULL,NULL),(12,'volunteer@test.com','202cb962ac59075b964b07152d234b70','test11','11',5,2,'male','12','Volunteer',NULL,'general','active','73f66749989c7b09389894f1b27daa7384ba77a37d4b50aedca112b60588d9b9',NULL,NULL),(13,'lakshminarayan@abhyudayakkss.org','202cb962ac59075b964b07152d234b70','L','N',5,3,'male',NULL,'Volunteer',NULL,'general','active','73f66749989c7b09389894f1b27daa732120ef10ab161388b10f44483c9fccab',NULL,NULL),(27,'rudra22@gmail.com','0410c59659a43b41de34901965a62098','Rudra','Ghosh',1,1,'male',NULL,'Volunteer',NULL,'general','active',NULL,'10VBN002',NULL),(28,'admin1@gmail.com','e00cf25ad42683b3df678c61f42c6bda','admin1','admin1',NULL,1,'male',NULL,'Volunteer',NULL,'general','active',NULL,NULL,NULL),(30,'volunteer1@gmail.com','53040f7a0cea598cd3977ccaf9df940b','volunteer1','volunteer1',1,5,'male',NULL,'Volunteer',NULL,'general','active',NULL,NULL,NULL),(31,'admin2@gmail.com','b4af804009cb036a4ccdc33431ef9ac9','Rudra','Ghosh',1,2,'male',NULL,'Admin',NULL,'general','active',NULL,NULL,NULL),(32,'teacher1@gmail.com','41c8949aa55b8cb5dbec662f34b62df3','Rudra','Ghosh',2,3,'male',NULL,'Admin',NULL,'general','active',NULL,NULL,NULL);
/*!40000 ALTER TABLE `user` ENABLE KEYS */;
UNLOCK TABLES;

--
-- Table structure for table `user_old`
--

DROP TABLE IF EXISTS `user_old`;
/*!40101 SET @saved_cs_client     = @@character_set_client */;
/*!50503 SET character_set_client = utf8mb4 */;
CREATE TABLE `user_old` (
  `id` int NOT NULL AUTO_INCREMENT,
  `first_name` varchar(50) NOT NULL,
  `last_name` varchar(50) NOT NULL,
  `email` varchar(50) NOT NULL,
  `password` varchar(50) NOT NULL,
  `gender` enum('male','female') CHARACTER SET utf8 COLLATE utf8_general_ci NOT NULL,
  `mobile` varchar(50) DEFAULT NULL,
  `designation` enum('Abhyudaya','Senior Teacher','Kalika kendra Teacher','Volunteer') NOT NULL DEFAULT 'Volunteer',
  `image` varchar(250) DEFAULT NULL,
  `type` varchar(250) NOT NULL DEFAULT 'general',
  `status` enum('active','pending','deleted','') NOT NULL DEFAULT 'pending',
  `authtoken` varchar(250) DEFAULT NULL,
  `teacher_code` varchar(50) DEFAULT NULL,
  `bloodgroup` varchar(10) DEFAULT NULL,
  `organization_id` varchar(45) DEFAULT NULL,
  `role_id` varchar(45) DEFAULT NULL,
  PRIMARY KEY (`id`)
) ENGINE=InnoDB AUTO_INCREMENT=43 DEFAULT CHARSET=latin1;
/*!40101 SET character_set_client = @saved_cs_client */;

--
-- Dumping data for table `user_old`
--

LOCK TABLES `user_old` WRITE;
/*!40000 ALTER TABLE `user_old` DISABLE KEYS */;
INSERT INTO `user_old` VALUES (17,'venugopal','p','prabhashanth@gmail.com','e10adc3949ba59abbe56e057f20f883e','male','','Abhyudaya',NULL,'administrator','active','73f66749989c7b09389894f1b27daa731143dd4faede2301089760423f81e0d4','',NULL,NULL,NULL),(18,'venugopal1','3','test@gmail.com','202cb962ac59075b964b07152d234b70','male','456','Kalika kendra Teacher',NULL,'general','active','73f66749989c7b09389894f1b27daa731aedb8d9dc4751e229a335e371db8058','18ANK013',NULL,NULL,NULL),(19,'venu','gopal','fgh@test.com','202cb962ac59075b964b07152d234b70','male','','Kalika kendra Teacher',NULL,'general','active','73f66749989c7b09389894f1b27daa73574acd52eb5e3e81d882234d7a76ea2e','I9JNA080',NULL,NULL,NULL),(20,'roopa ','v','roops.v12@gmail.com','202cb962ac59075b964b07152d234b70','female','','Abhyudaya',NULL,'general','active','73f66749989c7b09389894f1b27daa7374cb08c7f617401f12be96adbaf5e035',NULL,NULL,NULL,NULL),(21,'roopa ','v2','test@test.com','202cb962ac59075b964b07152d234b70','female','123','Kalika kendra Teacher',NULL,'general','active','73f66749989c7b09389894f1b27daa73b642b4217b34b1e8d3bd915fc65c4452','16JNA007',NULL,NULL,NULL),(22,'test','t2','seniorteacher@test.com','202cb962ac59075b964b07152d234b70','male','456','Senior Teacher',NULL,'general','active','73f66749989c7b09389894f1b27daa73f2c97b1f2d2898cd2d6466ce95d4ba33','10VBN001',NULL,NULL,NULL),(23,'test6','6','test6@test.com','202cb962ac59075b964b07152d234b70','male','ewr','Kalika kendra Teacher',NULL,'general','active','73f66749989c7b09389894f1b27daa7347f0449613bf679facca175081351925',NULL,NULL,NULL,NULL),(24,'test7','7','test7@test.com','202cb962ac59075b964b07152d234b70','male','123','Kalika kendra Teacher',NULL,'general','active','73f66749989c7b09389894f1b27daa739a3f499f653f7e8d4c5bf3ae0cf6418f',NULL,NULL,NULL,NULL),(25,'test8','8','test8@test.com','202cb962ac59075b964b07152d234b70','female','w','Volunteer',NULL,'general','active','73f66749989c7b09389894f1b27daa73ffb87db3d96e21091b32d48115b18456',NULL,NULL,NULL,NULL),(26,'test9','9','test9@test.com','202cb962ac59075b964b07152d234b70','male','24','Kalika kendra Teacher',NULL,'general','active','73f66749989c7b09389894f1b27daa734a2bae9101a5144712a41f21e0cbabb6',NULL,NULL,NULL,NULL),(27,'test10','10','test10@test.com','202cb962ac59075b964b07152d234b70','female','2244','Senior Teacher',NULL,'general','active','73f66749989c7b09389894f1b27daa736ec1cfdc728f001cdca2d1d1725ea263',NULL,NULL,NULL,NULL),(28,'test11','11','volunteer@test.com','202cb962ac59075b964b07152d234b70','male','12','Volunteer',NULL,'general','active','73f66749989c7b09389894f1b27daa7384ba77a37d4b50aedca112b60588d9b9',NULL,NULL,NULL,NULL),(29,'L','N','lakshminarayan@abhyudayakkss.org','202cb962ac59075b964b07152d234b70','male',NULL,'Volunteer',NULL,'general','active','73f66749989c7b09389894f1b27daa732120ef10ab161388b10f44483c9fccab',NULL,NULL,NULL,NULL),(40,'Rudra','Ghosh','rudra22@gmail.com','0410c59659a43b41de34901965a62098','male',NULL,'Abhyudaya',NULL,'general','active',NULL,NULL,NULL,NULL,NULL),(42,'Rudra','Ghosh','udraar@gmail.com','32250170a0dca92d53ec9624f336ca24','male',NULL,'Volunteer',NULL,'general','active',NULL,NULL,NULL,NULL,NULL);
/*!40000 ALTER TABLE `user_old` ENABLE KEYS */;
UNLOCK TABLES;

--
-- Table structure for table `user_role`
--

DROP TABLE IF EXISTS `user_role`;
/*!40101 SET @saved_cs_client     = @@character_set_client */;
/*!50503 SET character_set_client = utf8mb4 */;
CREATE TABLE `user_role` (
  `id` int NOT NULL AUTO_INCREMENT,
  `role_name` varchar(200) NOT NULL,
  `role_desc` varchar(50) DEFAULT NULL,
  `isactive` tinyint(1) NOT NULL DEFAULT '1',
  PRIMARY KEY (`id`)
) ENGINE=MyISAM AUTO_INCREMENT=13 DEFAULT CHARSET=latin1;
/*!40101 SET character_set_client = @saved_cs_client */;

--
-- Dumping data for table `user_role`
--

LOCK TABLES `user_role` WRITE;
/*!40000 ALTER TABLE `user_role` DISABLE KEYS */;
INSERT INTO `user_role` VALUES (1,'Super Admin','Super Admin',1),(2,'Admin','Admin',1),(3,'Kalika Kendra Teacher','Kalika Kendra Teacher',1),(4,'Senior Teacher','Senior Teacher',1),(5,'Volunteer','Volunteer',1),(6,'Intern','Intern',1),(7,'Program Manager','Program Manager',1),(8,'Program coordinator','Program coordinator',1),(9,'Inventory manager','Inventory manager',1),(10,'Inventory coordinator','Inventory coordinator',1),(11,'Finance controller','Finance controller',1),(12,'Finance coordinator','Finance coordinator',1);
/*!40000 ALTER TABLE `user_role` ENABLE KEYS */;
UNLOCK TABLES;

--
-- Table structure for table `user_role_bkp`
--

DROP TABLE IF EXISTS `user_role_bkp`;
/*!40101 SET @saved_cs_client     = @@character_set_client */;
/*!50503 SET character_set_client = utf8mb4 */;
CREATE TABLE `user_role_bkp` (
  `id` int NOT NULL AUTO_INCREMENT,
  `role_name` varchar(200) NOT NULL,
  `role_desc` varchar(50) DEFAULT NULL,
  `organization_id` int DEFAULT NULL,
  `isactive` tinyint(1) NOT NULL DEFAULT '1',
  PRIMARY KEY (`id`),
  KEY `organization_id` (`organization_id`)
) ENGINE=MyISAM AUTO_INCREMENT=26 DEFAULT CHARSET=latin1;
/*!40101 SET character_set_client = @saved_cs_client */;

--
-- Dumping data for table `user_role_bkp`
--

LOCK TABLES `user_role_bkp` WRITE;
/*!40000 ALTER TABLE `user_role_bkp` DISABLE KEYS */;
INSERT INTO `user_role_bkp` VALUES (1,'Admin','Admin',1,1),(2,'Volunteer','Volunteer',1,1),(3,'Program Manager','Program Manager',1,1),(4,'Program coordinator','Program coordinator',1,1),(5,'Inventory manager','Inventory manager',1,1),(6,'Inventory coordinator','Inventory coordinator',1,1),(7,'Finance controller','Finance controller',1,1),(8,'Finance coordinator','Finance coordinator',1,1),(9,'Intern','Intern',1,1),(10,'Senior Teacher','Senior Teacher',2,1),(11,'Kalika Kendra Teacher','Kalika Kendra Teacher',2,1),(12,'Admin','Admin',2,1),(13,'Senior Teacher','Senior Teacher',2,1),(14,'Kalika Kendra Teacher','Kalika Kendra Teacher',2,1),(15,'Program Manager','Program Manager',3,1),(16,'Program coordinator','Program coordinator',3,1),(17,'Volunteer','Volunteer',3,1),(18,'Program Manager','Program Manager',4,1),(19,'Program coordinator','Program coordinator',4,1),(20,'Volunteer','Volunteer',4,1),(21,'Program Manager','Program Manager',5,1),(22,'Program coordinator','Program coordinator',5,1),(23,'Volunteer','Volunteer',5,1),(0,'Super Admin','Super Admin',NULL,1);
/*!40000 ALTER TABLE `user_role_bkp` ENABLE KEYS */;
UNLOCK TABLES;

--
-- Table structure for table `vidyanidhi`
--

DROP TABLE IF EXISTS `vidyanidhi`;
/*!40101 SET @saved_cs_client     = @@character_set_client */;
/*!50503 SET character_set_client = utf8mb4 */;
CREATE TABLE `vidyanidhi` (
  `id` int NOT NULL AUTO_INCREMENT,
  `student_name` varchar(150) NOT NULL,
  `aadhar` varchar(15) NOT NULL,
  `gender` enum('male','female') NOT NULL,
  `dob` varchar(15) NOT NULL,
  `studying` enum('primaryschool','highschool','puc','diploma/iti','graduation','postgraduation') DEFAULT NULL,
  `caste` enum('SC','ST','OBC','GEN') DEFAULT NULL,
  `vidyanidhicode` varchar(15) DEFAULT 'NA',
  `kalikakendra` varchar(50) NOT NULL,
  `cluster` varchar(50) NOT NULL,
  `father_name` varchar(150) NOT NULL,
  `father_occupation` varchar(50) NOT NULL,
  `mother_name` varchar(150) NOT NULL,
  `mother_occupation` varchar(100) NOT NULL,
  `father_mother_contact` varchar(15) NOT NULL,
  `annual_income` varchar(25) NOT NULL,
  `bplcard` enum('yes','no') DEFAULT 'yes',
  `school_name` varchar(150) NOT NULL,
  `study_class` varchar(50) NOT NULL,
  `address` varchar(250) NOT NULL,
  `medium` enum('kannada','english') NOT NULL,
  `grade` varchar(25) DEFAULT NULL,
  `ambition` varchar(250) DEFAULT NULL,
  `hobby` varchar(200) DEFAULT NULL,
  `siblings` varchar(150) DEFAULT NULL,
  `whattheydo` varchar(150) DEFAULT NULL,
  `nameasinpb` varchar(150) DEFAULT NULL,
  `ifsc` varchar(15) DEFAULT NULL,
  `accountno` varchar(25) DEFAULT NULL,
  `observations` varchar(1000) DEFAULT NULL,
  `category` enum('A','B','C') NOT NULL DEFAULT 'B',
  `decision` enum('approved','notapproved') DEFAULT 'notapproved',
  `comments` varchar(150) DEFAULT NULL,
  `status` enum('for_verification','for_approval','sanctioned','not_sanctioned','submitted') DEFAULT 'submitted',
  `volunteer_name` varchar(150) DEFAULT NULL,
  `volunteer_email` varchar(100) DEFAULT NULL,
  `requestedby` varchar(150) NOT NULL,
  `requestdate` timestamp NULL DEFAULT NULL,
  `modifieddate` datetime DEFAULT NULL,
  `modifiedby` varchar(200) DEFAULT NULL,
  `submitbackground` enum('submit','dontsubmit') NOT NULL DEFAULT 'dontsubmit',
  `year` varchar(6) DEFAULT NULL,
  PRIMARY KEY (`id`),
  UNIQUE KEY `aadhar` (`aadhar`)
) ENGINE=MyISAM AUTO_INCREMENT=15 DEFAULT CHARSET=latin1;
/*!40101 SET character_set_client = @saved_cs_client */;

--
-- Dumping data for table `vidyanidhi`
--

LOCK TABLES `vidyanidhi` WRITE;
/*!40000 ALTER TABLE `vidyanidhi` DISABLE KEYS */;
INSERT INTO `vidyanidhi` VALUES (11,'jnaag','1','male','20/06/1982','puc','GEN','NA','Jnanagiri','Jnanagiri','testfather','fatheroccu','testmother','motheroccu','4','1','yes','govt school','3','anekal','english',NULL,NULL,NULL,NULL,NULL,NULL,NULL,NULL,NULL,'B','notapproved',NULL,'submitted','28','volunteer@test.com','venu gopal','2020-06-14 09:16:29','2020-06-20 05:18:25','venu gopal','dontsubmit',NULL),(12,'jnaag','2','male','20/06/1982','puc','GEN','NA','Jnanagiri','Jnanagiri','testfather','fatheroccu','testmother','motheroccu','4','1','yes','govt school','3','anekal','english',NULL,NULL,NULL,NULL,NULL,NULL,NULL,NULL,NULL,'B','notapproved',NULL,'submitted',NULL,NULL,'venu gopal','2020-06-14 10:26:22','2020-06-20 05:18:25','venu gopal','dontsubmit',NULL),(13,'jnaag','3','male','20/06/1982','puc','GEN','NA','Jnanagiri','Jnanagiri','testfather','fatheroccu','testmother','motheroccu','4','1','yes','govt school','3','anekal','english',NULL,NULL,NULL,NULL,NULL,NULL,NULL,NULL,NULL,'B','notapproved',NULL,'submitted',NULL,NULL,'venu gopal','2020-06-16 12:20:30','2020-06-20 05:18:25','venu gopal','dontsubmit',NULL),(14,'jnaag','5','male','20/06/1982','puc','GEN','NA','Jnanagiri','Jnanagiri','testfather','fatheroccu','testmother','motheroccu','4','1','yes','govt school','3','anekal','english','1','1','1','1','1','1','1','1','1wwrwr','A','approved','not approved','sanctioned','25','test8@test.com','venu gopal','2020-06-17 11:34:05','2020-06-20 05:18:25','venu gopal','submit',NULL);
/*!40000 ALTER TABLE `vidyanidhi` ENABLE KEYS */;
UNLOCK TABLES;
/*!40103 SET TIME_ZONE=@OLD_TIME_ZONE */;

/*!40101 SET SQL_MODE=@OLD_SQL_MODE */;
/*!40014 SET FOREIGN_KEY_CHECKS=@OLD_FOREIGN_KEY_CHECKS */;
/*!40014 SET UNIQUE_CHECKS=@OLD_UNIQUE_CHECKS */;
/*!40101 SET CHARACTER_SET_CLIENT=@OLD_CHARACTER_SET_CLIENT */;
/*!40101 SET CHARACTER_SET_RESULTS=@OLD_CHARACTER_SET_RESULTS */;
/*!40101 SET COLLATION_CONNECTION=@OLD_COLLATION_CONNECTION */;
/*!40111 SET SQL_NOTES=@OLD_SQL_NOTES */;

-- Dump completed on 2020-08-30  0:16:09
